"State","County","Year","Days with AQI","Good Days","Moderate Days","Unhealthy for Sensitive Groups Days","Unhealthy Days","Very Unhealthy Days","Hazardous Days","Max AQI","90th Percentile AQI","Median AQI","Days CO","Days NO2","Days Ozone","Days PM2.5","Days PM10"
"Alabama","Baldwin",2020,269,250,19,0,0,0,0,74,49,36,0,0,198,71,0
"Alabama","Clay",2020,108,99,9,0,0,0,0,86,49,26,0,0,0,108,0
"Alabama","DeKalb",2020,364,350,14,0,0,0,0,90,45,36,0,0,331,33,0
"Alabama","Elmore",2020,197,197,0,0,0,0,0,47,41,31,0,0,197,0,0
"Alabama","Etowah",2020,278,260,18,0,0,0,0,92,46,34,0,0,204,74,0
"Alabama","Jefferson",2020,366,212,151,3,0,0,0,129,67,48,0,2,123,241,0
"Alabama","Lawrence",2020,90,87,3,0,0,0,0,75,36,18,0,0,0,90,0
"Alabama","Madison",2020,364,307,57,0,0,0,0,88,54,40,0,0,132,227,5
"Alabama","Mobile",2020,348,256,92,0,0,0,0,75,58,42,0,0,114,234,0
"Alabama","Montgomery",2020,361,162,197,2,0,0,0,116,66,52,0,0,36,325,0
"Alabama","Morgan",2020,355,308,47,0,0,0,0,71,52,35,0,0,140,215,0
"Alabama","Russell",2020,365,299,66,0,0,0,0,99,56,36,0,0,111,254,0
"Alabama","Shelby",2020,241,232,9,0,0,0,0,67,46,34,0,0,241,0,0
"Alabama","Sumter",2020,355,343,12,0,0,0,0,70,44,29,0,0,178,177,0
"Alabama","Tuscaloosa",2020,278,267,11,0,0,0,0,97,45,31,0,0,205,73,0
"Alaska","Aleutians East ",2020,121,121,0,0,0,0,0,31,22,8,0,0,0,121,0
"Alaska","Anchorage ",2020,366,334,32,0,0,0,0,91,48,22,7,0,0,232,127
"Alaska","Bethel ",2020,167,166,1,0,0,0,0,56,21,6,0,0,0,24,143
"Alaska","Denali ",2020,358,357,1,0,0,0,0,54,42,33,0,0,353,5,0
"Alaska","Fairbanks North Star ",2020,366,255,74,17,20,0,0,170,106,33,0,0,91,265,10
"Alaska","Juneau ",2020,361,343,17,1,0,0,0,101,40,14,0,0,0,331,30
"Alaska","Kenai Peninsula ",2020,122,122,0,0,0,0,0,43,15,8,0,0,0,122,0
"Alaska","Matanuska-Susitna ",2020,359,333,25,1,0,0,0,103,45,13,0,0,0,284,75
"Alaska","North Slope ",2020,112,112,0,0,0,0,0,44,12,5,0,0,0,112,0
"Arizona","Apache",2020,364,360,4,0,0,0,0,58,29,14,0,0,0,24,340
"Arizona","Cochise",2020,366,274,90,2,0,0,0,108,61,45,0,0,303,2,61
"Arizona","Coconino",2020,366,308,58,0,0,0,0,93,54,44,0,0,352,14,0
"Arizona","Gila",2020,366,256,99,8,3,0,0,174,74,44,0,0,338,1,27
"Arizona","La Paz",2020,366,294,70,2,0,0,0,125,58,44,0,0,358,0,8
"Arizona","Maricopa",2020,366,14,151,60,67,74,0,282,215,112,0,0,273,55,38
"Arizona","Mohave",2020,358,349,8,1,0,0,0,116,34,18,0,0,0,25,333
"Arizona","Navajo",2020,366,317,47,2,0,0,0,136,54,43,0,0,360,3,3
"Arizona","Pima",2020,366,154,199,12,0,1,0,277,77,53,0,0,202,45,119
"Arizona","Pinal",2020,366,97,186,76,5,0,2,1124,119,72,0,0,143,36,187
"Arizona","Santa Cruz",2020,360,233,122,4,1,0,0,165,69,34,0,0,0,191,169
"Arizona","Yavapai",2020,331,265,65,1,0,0,0,119,61,45,0,0,331,0,0
"Arizona","Yuma",2020,366,257,106,2,0,0,1,321,69,44,0,0,235,70,61
"Arkansas","Arkansas",2020,119,108,11,0,0,0,0,82,50,27,0,0,0,119,0
"Arkansas","Ashley",2020,122,111,11,0,0,0,0,89,49,28,0,0,0,122,0
"Arkansas","Clark",2020,342,341,1,0,0,0,0,67,40,29,0,0,342,0,0
"Arkansas","Crittenden",2020,366,309,54,3,0,0,0,115,54,38,0,5,205,156,0
"Arkansas","Garland",2020,121,105,16,0,0,0,0,83,53,29,0,0,0,121,0
"Arkansas","Jackson",2020,122,109,13,0,0,0,0,77,51,26,0,0,0,122,0
"Arkansas","Newton",2020,364,354,10,0,0,0,0,84,45,35,0,0,352,12,0
"Arkansas","Polk",2020,359,336,23,0,0,0,0,84,47,36,0,0,326,33,0
"Arkansas","Pulaski",2020,366,275,89,2,0,0,0,132,59,42,0,6,155,205,0
"Arkansas","Union",2020,121,106,15,0,0,0,0,89,52,34,0,0,0,121,0
"Arkansas","Washington",2020,366,321,44,1,0,0,0,150,52,39,0,0,244,122,0
"California","Alameda",2020,366,236,110,8,11,1,0,218,79,43,0,13,155,198,0
"California","Amador",2020,359,327,29,2,1,0,0,156,50,37,0,0,359,0,0
"California","Butte",2020,366,183,144,18,18,2,1,379,110,51,0,0,195,164,7
"California","Calaveras",2020,364,260,81,10,13,0,0,192,77,44,0,0,237,122,5
"California","Colusa",2020,366,247,87,9,23,0,0,198,86,38,0,0,190,144,32
"California","Contra Costa",2020,366,258,90,7,11,0,0,197,72,41,0,5,188,173,0
"California","Del Norte",2020,292,248,35,4,4,1,0,220,55,32,0,0,0,292,0
"California","El Dorado",2020,366,258,85,17,6,0,0,190,90,43,0,0,351,8,7
"California","Fresno",2020,366,94,173,59,34,6,0,298,153,74,0,3,168,180,15
"California","Glenn",2020,364,251,84,7,22,0,0,197,82,43,0,0,203,143,18
"California","Humboldt",2020,366,333,30,3,0,0,0,109,44,29,0,0,236,68,62
"California","Imperial",2020,366,119,219,26,2,0,0,166,97,58,0,2,181,73,110
"California","Inyo",2020,366,172,139,23,19,5,8,684,130,52,0,0,228,116,22
"California","Kern",2020,366,78,158,98,30,2,0,267,140,81,0,0,206,143,17
"California","Kings",2020,366,98,198,54,15,0,1,543,124,67,0,0,148,164,54
"California","Lake",2020,351,341,6,1,3,0,0,180,43,32,0,0,336,13,2
"California","Los Angeles",2020,366,60,169,77,44,16,0,235,165,83,0,23,208,130,5
"California","Madera",2020,366,137,176,34,17,2,0,250,113,61,0,0,192,149,25
"California","Marin",2020,366,310,47,4,4,1,0,206,57,33,0,16,207,143,0
"California","Mariposa",2020,366,208,110,27,12,4,5,618,111,47,0,0,295,61,10
"California","Mendocino",2020,366,280,63,10,10,1,2,456,76,34,0,0,179,182,5
"California","Merced",2020,366,171,163,17,15,0,0,183,95,53,0,0,192,173,1
"California","Mono",2020,366,211,89,13,17,10,26,1928,199,40,0,0,0,304,62
"California","Monterey",2020,366,299,52,4,9,2,0,250,63,36,0,0,223,106,37
"California","Napa",2020,365,298,52,7,8,0,0,199,62,36,3,0,227,135,0
"California","Nevada",2020,366,268,66,15,13,4,0,252,90,41,0,0,237,129,0
"California","Orange",2020,366,178,147,28,11,2,0,218,108,51,0,11,217,135,3
"California","Placer",2020,366,167,158,20,18,3,0,222,108,54,0,0,229,129,8
"California","Plumas",2020,360,183,127,16,20,10,4,469,146,49,0,0,0,360,0
"California","Riverside",2020,366,52,169,98,36,9,2,576,159,87,0,0,225,101,40
"California","Sacramento",2020,366,176,154,17,19,0,0,200,100,52,0,2,192,163,9
"California","San Benito",2020,366,301,48,8,9,0,0,168,67,39,0,0,302,54,10
"California","San Bernardino",2020,366,50,153,76,69,18,0,236,185,93,0,17,228,106,15
"California","San Diego",2020,366,60,257,35,14,0,0,192,108,71,0,2,118,243,3
"California","San Francisco",2020,366,277,81,3,5,0,0,198,62,36,0,15,159,192,0
"California","San Joaquin",2020,366,197,138,16,15,0,0,195,96,48,0,0,177,169,20
"California","San Luis Obispo",2020,366,211,124,21,8,2,0,292,90,48,0,0,250,96,20
"California","San Mateo",2020,366,307,49,5,5,0,0,186,60,35,0,21,196,149,0
"California","Santa Barbara",2020,366,273,80,9,4,0,0,168,66,42,0,0,247,113,6
"California","Santa Clara",2020,366,237,109,11,9,0,0,186,79,44,0,8,171,187,0
"California","Santa Cruz",2020,366,304,42,6,10,2,2,426,64,34,0,0,207,159,0
"California","Shasta",2020,366,295,63,6,2,0,0,166,64,41,0,0,336,30,0
"California","Siskiyou",2020,366,305,38,10,10,2,1,359,61,36,0,0,246,120,0
"California","Solano",2020,366,257,93,9,6,1,0,204,76,41,0,0,191,174,1
"California","Sonoma",2020,366,319,40,1,6,0,0,187,53,33,0,1,215,139,11
"California","Stanislaus",2020,366,156,173,21,16,0,0,189,102,55,0,1,195,150,20
"California","Sutter",2020,366,208,127,15,14,1,1,303,89,48,0,0,183,179,4
"California","Tehama",2020,366,249,84,12,21,0,0,196,93,43,0,0,244,122,0
"California","Trinity",2020,343,256,59,12,16,0,0,193,79,27,0,0,0,343,0
"California","Tulare",2020,366,79,152,103,30,2,0,209,145,79,0,0,186,166,14
"California","Tuolumne",2020,353,277,71,5,0,0,0,143,64,41,0,0,353,0,0
"California","Ventura",2020,366,225,115,21,5,0,0,174,90,47,0,0,299,58,9
"California","Yolo",2020,366,255,83,14,14,0,0,192,84,42,0,1,208,157,0
"Colorado","Adams",2020,366,222,132,11,1,0,0,151,72,47,0,68,179,59,60
"Colorado","Alamosa",2020,119,116,3,0,0,0,0,60,30,10,0,0,0,119,0
"Colorado","Arapahoe",2020,366,248,107,9,2,0,0,159,76,45,0,0,356,10,0
"Colorado","Archuleta",2020,365,302,63,0,0,0,0,93,58,43,0,0,319,0,46
"Colorado","Boulder",2020,366,217,128,19,2,0,0,173,84,47,0,0,249,116,1
"Colorado","Clear Creek",2020,190,134,50,6,0,0,0,143,71,47,0,0,190,0,0
"Colorado","Delta",2020,365,328,37,0,0,0,0,97,51,41,0,0,331,34,0
"Colorado","Denver",2020,366,185,164,17,0,0,0,150,80,50,0,108,142,113,3
"Colorado","Douglas",2020,361,237,107,14,3,0,0,159,80,46,0,0,308,53,0
"Colorado","El Paso",2020,366,255,104,6,1,0,0,151,74,45,0,0,340,26,0
"Colorado","Fremont",2020,17,17,0,0,0,0,0,27,20,11,0,0,0,0,17
"Colorado","Garfield",2020,366,255,106,5,0,0,0,122,74,46,0,0,349,17,0
"Colorado","Gilpin",2020,357,278,70,9,0,0,0,136,67,45,0,0,357,0,0
"Colorado","Gunnison",2020,333,278,53,2,0,0,0,108,54,44,0,0,333,0,0
"Colorado","Jackson",2020,81,77,4,0,0,0,0,84,31,5,0,0,0,81,0
"Colorado","Jefferson",2020,366,231,108,23,4,0,0,161,90,46,0,0,366,0,0
"Colorado","La Plata",2020,366,284,80,2,0,0,0,133,61,44,0,0,348,18,0
"Colorado","Larimer",2020,366,222,125,17,2,0,0,157,87,48,0,0,316,50,0
"Colorado","Mesa",2020,366,302,61,3,0,0,0,108,58,44,0,0,299,66,1
"Colorado","Montezuma",2020,366,301,63,2,0,0,0,126,58,44,0,0,366,0,0
"Colorado","Pitkin",2020,120,116,4,0,0,0,0,68,33,11,0,0,0,38,82
"Colorado","Prowers",2020,350,327,19,1,2,1,0,238,42,17,0,0,0,0,350
"Colorado","Pueblo",2020,96,91,5,0,0,0,0,63,45,19,0,0,0,49,47
"Colorado","Rio Blanco",2020,365,311,51,3,0,0,0,115,54,42,0,1,321,43,0
"Colorado","Routt",2020,358,353,5,0,0,0,0,68,29,14,0,0,0,0,358
"Colorado","San Juan",2020,119,117,2,0,0,0,0,69,23,7,0,0,0,119,0
"Colorado","San Miguel",2020,117,114,3,0,0,0,0,54,26,12,0,0,0,0,117
"Colorado","Weld",2020,366,219,134,13,0,0,0,140,82,48,0,7,234,125,0
"Connecticut","Fairfield",2020,366,256,97,12,1,0,0,161,80,44,0,14,191,161,0
"Connecticut","Hartford",2020,366,310,56,0,0,0,0,98,55,39,1,22,219,124,0
"Connecticut","Litchfield",2020,362,327,35,0,0,0,0,84,50,38,2,0,301,59,0
"Connecticut","Middlesex",2020,208,182,24,2,0,0,0,129,54,39,0,0,208,0,0
"Connecticut","New Haven",2020,366,266,87,11,2,0,0,174,77,42,1,15,211,135,4
"Connecticut","New London",2020,365,310,51,3,1,0,0,172,58,37,0,0,186,178,1
"Connecticut","Tolland",2020,206,192,14,0,0,0,0,93,48,39,0,0,206,0,0
"Connecticut","Windham",2020,356,345,11,0,0,0,0,87,44,35,0,0,356,0,0
"Country Of Mexico","BAJA CALIFORNIA NORTE",2020,92,1,36,35,20,0,0,176,156,115,0,0,0,92,0
"Country Of Mexico","SONORA",2020,146,125,20,1,0,0,0,101,64,41,0,0,146,0,0
"Delaware","Kent",2020,362,332,30,0,0,0,0,80,48,36,0,0,290,72,0
"Delaware","New Castle",2020,366,300,64,2,0,0,0,105,58,40,0,9,218,139,0
"Delaware","Sussex",2020,366,329,37,0,0,0,0,87,51,38,0,0,277,89,0
"District Of Columbia","District of Columbia",2020,366,314,51,0,1,0,0,166,53,40,0,45,216,105,0
"Florida","Alachua",2020,366,325,40,1,0,0,0,105,52,36,0,0,200,166,0
"Florida","Baker",2020,363,331,30,2,0,0,0,140,49,35,0,0,208,155,0
"Florida","Bay",2020,363,281,80,2,0,0,0,146,58,40,0,0,162,201,0
"Florida","Brevard",2020,366,324,42,0,0,0,0,84,52,39,0,0,245,121,0
"Florida","Broward",2020,366,290,74,2,0,0,0,142,57,40,0,4,145,217,0
"Florida","Citrus",2020,359,309,49,1,0,0,0,125,53,32,0,0,0,359,0
"Florida","Collier",2020,364,316,48,0,0,0,0,85,54,36,0,0,178,186,0
"Florida","Columbia",2020,311,255,53,1,2,0,0,158,56,36,0,0,94,217,0
"Florida","Duval",2020,366,274,89,3,0,0,0,125,59,42,0,0,125,240,1
"Florida","Escambia",2020,360,269,91,0,0,0,0,80,58,42,0,0,165,195,0
"Florida","Flagler",2020,366,363,3,0,0,0,0,64,43,31,0,0,366,0,0
"Florida","Hamilton",2020,298,263,33,1,1,0,0,154,52,34,0,0,0,298,0
"Florida","Highlands",2020,358,345,13,0,0,0,0,74,44,31,0,0,358,0,0
"Florida","Hillsborough",2020,366,280,83,3,0,0,0,112,60,43,0,0,165,196,5
"Florida","Holmes",2020,363,308,52,3,0,0,0,138,54,38,0,0,150,213,0
"Florida","Indian River",2020,338,323,15,0,0,0,0,87,47,37,0,0,338,0,0
"Florida","Lake",2020,366,354,12,0,0,0,0,87,45,32,0,0,366,0,0
"Florida","Lee",2020,366,330,36,0,0,0,0,100,50,36,0,0,258,108,0
"Florida","Leon",2020,366,289,74,2,1,0,0,160,58,40,0,0,106,260,0
"Florida","Liberty",2020,358,356,2,0,0,0,0,51,44,31,0,0,358,0,0
"Florida","Manatee",2020,366,355,11,0,0,0,0,97,44,33,0,0,366,0,0
"Florida","Marion",2020,366,300,66,0,0,0,0,100,55,39,0,0,169,197,0
"Florida","Martin",2020,365,320,45,0,0,0,0,95,52,36,0,0,200,165,0
"Florida","Miami-Dade",2020,366,297,69,0,0,0,0,90,58,39,0,4,156,206,0
"Florida","Nassau",2020,43,42,1,0,0,0,0,51,43,31,0,0,0,43,0
"Florida","Okaloosa",2020,364,355,9,0,0,0,0,74,46,34,0,0,334,0,30
"Florida","Orange",2020,366,326,40,0,0,0,0,93,51,36,0,0,265,100,1
"Florida","Osceola",2020,366,354,12,0,0,0,0,90,44,32,0,0,366,0,0
"Florida","Palm Beach",2020,361,310,51,0,0,0,0,92,53,38,0,0,211,119,31
"Florida","Pasco",2020,366,355,11,0,0,0,0,77,46,35,0,0,366,0,0
"Florida","Pinellas",2020,366,301,65,0,0,0,0,100,56,40,0,0,195,171,0
"Florida","Polk",2020,365,311,54,0,0,0,0,87,54,37,0,0,198,165,2
"Florida","Putnam",2020,366,365,1,0,0,0,0,67,27,14,0,0,0,0,366
"Florida","Santa Rosa",2020,365,295,70,0,0,0,0,84,57,40,0,0,206,159,0
"Florida","Sarasota",2020,366,308,58,0,0,0,0,90,55,38,0,0,211,155,0
"Florida","Seminole",2020,365,332,33,0,0,0,0,84,49,36,0,0,242,120,3
"Florida","St. Lucie",2020,360,351,9,0,0,0,0,74,44,33,0,0,360,0,0
"Florida","Volusia",2020,362,327,35,0,0,0,0,77,50,38,0,0,209,153,0
"Florida","Wakulla",2020,363,315,46,0,2,0,0,161,54,35,4,0,194,165,0
"Georgia","Bibb",2020,366,323,43,0,0,0,0,97,52,35,0,0,128,238,0
"Georgia","Charlton",2020,120,115,4,1,0,0,0,139,34,19,0,0,0,120,0
"Georgia","Chatham",2020,365,313,51,1,0,0,0,131,53,37,0,0,111,254,0
"Georgia","Chattooga",2020,245,244,1,0,0,0,0,58,43,32,0,0,245,0,0
"Georgia","Clarke",2020,366,312,54,0,0,0,0,99,54,36,0,0,131,235,0
"Georgia","Clayton",2020,121,103,18,0,0,0,0,90,54,28,0,0,0,121,0
"Georgia","Cobb",2020,285,263,22,0,0,0,0,90,49,35,0,0,214,71,0
"Georgia","Coffee",2020,120,115,4,1,0,0,0,108,42,25,0,0,0,120,0
"Georgia","Columbia",2020,241,239,2,0,0,0,0,51,44,31,0,0,241,0,0
"Georgia","Dawson",2020,245,239,6,0,0,0,0,74,43,31,0,0,245,0,0
"Georgia","DeKalb",2020,366,300,65,1,0,0,0,106,57,38,0,32,127,207,0
"Georgia","Dougherty",2020,365,276,87,2,0,0,0,114,61,37,0,0,0,365,0
"Georgia","Douglas",2020,245,238,7,0,0,0,0,77,44,32,0,0,245,0,0
"Georgia","Floyd",2020,326,283,43,0,0,0,0,80,53,31,0,0,0,326,0
"Georgia","Fulton",2020,366,257,107,2,0,0,0,125,62,43,0,24,82,260,0
"Georgia","Glynn",2020,285,273,12,0,0,0,0,96,44,31,0,0,218,67,0
"Georgia","Gwinnett",2020,364,301,62,1,0,0,0,101,55,37,0,0,145,219,0
"Georgia","Hall",2020,359,304,55,0,0,0,0,98,55,33,0,0,0,359,0
"Georgia","Henry",2020,366,332,34,0,0,0,0,95,50,32,0,0,166,200,0
"Georgia","Houston",2020,362,287,74,1,0,0,0,114,57,35,0,0,0,362,0
"Georgia","Lowndes",2020,202,177,24,1,0,0,0,141,54,30,0,0,0,202,0
"Georgia","Murray",2020,272,259,13,0,0,0,0,61,45,34,0,0,235,37,0
"Georgia","Muscogee",2020,366,317,48,1,0,0,0,101,53,35,0,0,146,220,0
"Georgia","Pike",2020,354,351,3,0,0,0,0,64,44,33,0,0,354,0,0
"Georgia","Richmond",2020,366,268,97,1,0,0,0,114,59,42,0,0,84,267,15
"Georgia","Rockdale",2020,244,232,12,0,0,0,0,77,46,34,0,0,244,0,0
"Georgia","Sumter",2020,240,237,3,0,0,0,0,64,44,32,0,0,240,0,0
"Georgia","Walker",2020,177,151,26,0,0,0,0,84,53,30,0,0,0,177,0
"Georgia","Washington",2020,353,297,54,2,0,0,0,112,54,32,0,0,0,353,0
"Hawaii","Hawaii",2020,366,357,9,0,0,0,0,80,30,17,0,0,0,366,0
"Hawaii","Honolulu",2020,366,365,1,0,0,0,0,58,36,26,0,1,308,54,3
"Hawaii","Kauai",2020,365,365,0,0,0,0,0,41,25,11,0,85,0,280,0
"Hawaii","Maui",2020,349,347,2,0,0,0,0,56,23,15,0,0,0,349,0
"Idaho","Ada",2020,366,273,75,11,7,0,0,185,72,40,0,22,214,124,6
"Idaho","Bannock",2020,362,301,55,2,4,0,0,161,58,37,0,0,140,136,86
"Idaho","Benewah",2020,366,272,85,2,4,2,1,371,65,32,0,0,0,366,0
"Idaho","Blaine",2020,365,335,22,6,2,0,0,167,43,15,0,0,0,365,0
"Idaho","Boise",2020,366,267,87,6,6,0,0,198,68,35,0,0,0,366,0
"Idaho","Bonner",2020,365,325,30,5,5,0,0,190,52,25,0,0,0,308,57
"Idaho","Bonneville",2020,362,326,31,1,4,0,0,154,49,21,0,0,0,362,0
"Idaho","Butte",2020,364,334,28,1,1,0,0,152,50,40,0,0,354,10,0
"Idaho","Canyon",2020,366,257,93,10,6,0,0,156,73,33,0,0,0,327,39
"Idaho","Custer",2020,115,105,7,3,0,0,0,126,28,5,0,0,0,115,0
"Idaho","Franklin",2020,365,323,39,2,1,0,0,159,53,20,0,0,0,365,0
"Idaho","Idaho",2020,366,293,64,3,6,0,0,191,60,36,0,0,184,182,0
"Idaho","Jerome",2020,213,213,0,0,0,0,0,37,19,10,0,0,0,213,0
"Idaho","Kootenai",2020,354,323,23,1,3,3,1,384,48,19,0,0,0,354,0
"Idaho","Latah",2020,361,335,19,0,4,2,1,333,41,16,0,0,0,361,0
"Idaho","Lemhi",2020,365,226,128,8,3,0,0,163,77,35,0,0,0,365,0
"Idaho","Nez Perce",2020,366,309,46,4,3,3,1,363,59,21,0,0,0,366,0
"Idaho","Shoshone",2020,366,275,84,0,3,3,1,346,64,30,0,0,0,356,10
"Idaho","Twin Falls",2020,364,330,27,3,4,0,0,160,48,18,0,0,0,364,0
"Idaho","Valley",2020,329,248,74,5,2,0,0,192,63,30,0,0,0,329,0
"Illinois","Adams",2020,244,220,24,0,0,0,0,84,50,38,0,0,244,0,0
"Illinois","Champaign",2020,366,302,62,2,0,0,0,126,56,39,0,0,218,148,0
"Illinois","Clark",2020,363,347,16,0,0,0,0,97,45,31,0,0,363,0,0
"Illinois","Cook",2020,366,156,190,16,4,0,0,164,84,53,0,19,116,194,37
"Illinois","DuPage",2020,366,279,83,3,1,0,0,154,59,41,0,0,164,202,0
"Illinois","Effingham",2020,166,156,10,0,0,0,0,84,48,37,0,0,166,0,0
"Illinois","Hamilton",2020,353,275,77,1,0,0,0,118,56,40,0,0,154,199,0
"Illinois","Jersey",2020,358,307,50,1,0,0,0,112,55,39,0,0,192,166,0
"Illinois","Jo Daviess",2020,353,337,16,0,0,0,0,87,44,32,0,0,353,0,0
"Illinois","Kane",2020,279,225,47,6,1,0,0,161,64,39,0,0,209,70,0
"Illinois","Lake",2020,241,199,31,10,1,0,0,185,74,39,0,0,241,0,0
"Illinois","Macon",2020,362,298,64,0,0,0,0,90,55,40,0,0,153,209,0
"Illinois","Macoupin",2020,364,346,18,0,0,0,0,93,45,31,0,129,235,0,0
"Illinois","Madison",2020,365,213,149,3,0,0,0,112,70,47,0,0,144,219,2
"Illinois","McHenry",2020,334,259,66,9,0,0,0,147,58,40,0,0,136,198,0
"Illinois","McLean",2020,364,286,75,3,0,0,0,136,58,41,0,0,167,197,0
"Illinois","Peoria",2020,364,301,62,1,0,0,0,115,57,40,0,0,210,154,0
"Illinois","Randolph",2020,366,302,62,2,0,0,0,103,54,38,0,0,170,196,0
"Illinois","Rock Island",2020,355,295,59,1,0,0,0,102,56,38,0,0,163,192,0
"Illinois","Saint Clair",2020,365,306,59,0,0,0,0,100,56,36,0,78,141,146,0
"Illinois","Sangamon",2020,364,312,52,0,0,0,0,97,54,39,0,0,192,172,0
"Illinois","Will",2020,363,262,97,3,1,0,0,155,60,42,0,0,145,218,0
"Illinois","Winnebago",2020,366,284,81,1,0,0,0,101,61,39,0,0,144,222,0
"Indiana","Allen",2020,366,296,68,2,0,0,0,120,58,39,0,0,221,145,0
"Indiana","Bartholomew",2020,366,323,43,0,0,0,0,97,52,37,0,0,258,108,0
"Indiana","Boone",2020,352,330,20,2,0,0,0,101,48,32,0,0,352,0,0
"Indiana","Brown",2020,364,349,15,0,0,0,0,80,44,33,0,0,364,0,0
"Indiana","Carroll",2020,364,352,12,0,0,0,0,100,44,31,0,0,364,0,0
"Indiana","Clark",2020,366,269,97,0,0,0,0,91,58,42,0,0,161,205,0
"Indiana","Delaware",2020,365,330,35,0,0,0,0,97,50,35,0,0,315,50,0
"Indiana","Dubois",2020,123,104,19,0,0,0,0,67,54,33,0,0,0,121,2
"Indiana","Elkhart",2020,366,314,50,0,2,0,0,158,54,36,0,0,221,145,0
"Indiana","Floyd",2020,363,347,15,1,0,0,0,143,44,32,0,0,363,0,0
"Indiana","Greene",2020,361,328,33,0,0,0,0,90,50,34,0,0,323,38,0
"Indiana","Hamilton",2020,366,315,51,0,0,0,0,97,54,38,0,0,221,145,0
"Indiana","Hendricks",2020,366,348,18,0,0,0,0,87,45,32,0,0,366,0,0
"Indiana","Henry",2020,118,105,13,0,0,0,0,63,51,29,0,0,0,118,0
"Indiana","Howard",2020,366,319,46,1,0,0,0,108,53,38,0,0,257,109,0
"Indiana","Knox",2020,351,328,22,1,0,0,0,105,48,33,0,0,351,0,0
"Indiana","LaPorte",2020,366,310,49,6,1,0,0,154,61,37,0,0,324,42,0
"Indiana","Lake",2020,366,243,117,6,0,0,0,136,64,44,0,4,154,199,9
"Indiana","Madison",2020,366,305,61,0,0,0,0,97,55,39,0,0,198,168,0
"Indiana","Marion",2020,366,196,164,6,0,0,0,144,68,48,0,2,108,252,4
"Indiana","Monroe",2020,357,315,42,0,0,0,0,69,51,31,0,0,0,357,0
"Indiana","Perry",2020,366,352,13,1,0,0,0,105,45,34,0,0,366,0,0
"Indiana","Porter",2020,366,304,56,5,1,0,0,151,58,39,0,0,259,96,11
"Indiana","Posey",2020,355,336,18,1,0,0,0,112,45,31,0,0,355,0,0
"Indiana","Shelby",2020,366,347,18,1,0,0,0,115,46,32,0,0,366,0,0
"Indiana","Spencer",2020,122,106,16,0,0,0,0,63,53,32,0,0,0,122,0
"Indiana","St. Joseph",2020,366,272,89,4,1,0,0,162,62,41,0,1,209,156,0
"Indiana","Sullivan",2020,31,27,4,0,0,0,0,53,51,29,0,0,0,31,0
"Indiana","Tippecanoe",2020,348,255,93,0,0,0,0,69,56,39,0,0,0,348,0
"Indiana","Vanderburgh",2020,366,298,66,2,0,0,0,101,57,39,0,0,224,142,0
"Indiana","Vigo",2020,366,295,70,1,0,0,0,112,57,40,0,0,212,154,0
"Indiana","Wabash",2020,363,337,26,0,0,0,0,97,49,35,0,0,363,0,0
"Indiana","Warrick",2020,366,347,17,2,0,0,0,112,47,33,0,0,366,0,0
"Indiana","Whitley",2020,336,260,76,0,0,0,0,76,56,39,0,0,0,336,0
"Iowa","Black Hawk",2020,366,311,55,0,0,0,0,91,53,32,0,0,0,366,0
"Iowa","Bremer",2020,244,232,12,0,0,0,0,87,45,35,0,0,244,0,0
"Iowa","Cerro Gordo",2020,122,120,2,0,0,0,0,60,37,18,0,0,0,0,122
"Iowa","Clinton",2020,324,256,68,0,0,0,0,87,58,39,0,0,173,151,0
"Iowa","Harrison",2020,242,223,19,0,0,0,0,87,49,37,0,0,242,0,0
"Iowa","Johnson",2020,362,270,91,1,0,0,0,105,58,35,0,0,0,362,0
"Iowa","Lee",2020,118,105,13,0,0,0,0,73,52,30,0,0,0,118,0
"Iowa","Linn",2020,366,276,89,1,0,0,0,105,59,40,0,0,137,229,0
"Iowa","Montgomery",2020,366,327,39,0,0,0,0,76,51,35,0,0,177,189,0
"Iowa","Muscatine",2020,366,309,56,1,0,0,0,124,54,30,0,0,0,359,7
"Iowa","Palo Alto",2020,366,327,39,0,0,0,0,87,51,36,0,0,192,174,0
"Iowa","Polk",2020,366,308,56,0,2,0,0,186,54,36,0,13,180,172,1
"Iowa","Pottawattamie",2020,124,110,14,0,0,0,0,77,52,31,0,0,0,111,13
"Iowa","Scott",2020,366,230,133,2,1,0,0,155,63,44,0,0,111,152,103
"Iowa","Van Buren",2020,366,336,30,0,0,0,0,87,49,36,0,0,190,176,0
"Iowa","Woodbury",2020,122,110,12,0,0,0,0,79,50,29,0,0,0,122,0
"Kansas","Chase",2020,121,118,3,0,0,0,0,58,35,18,0,0,0,121,0
"Kansas","Ford",2020,302,297,5,0,0,0,0,79,29,11,0,0,0,0,302
"Kansas","Johnson",2020,365,308,56,1,0,0,0,117,56,36,0,0,213,149,3
"Kansas","Leavenworth",2020,366,356,10,0,0,0,0,77,44,32,0,0,366,0,0
"Kansas","Neosho",2020,366,304,60,2,0,0,0,106,54,39,0,0,184,170,12
"Kansas","Sedgwick",2020,366,321,42,3,0,0,0,114,54,38,0,4,293,59,10
"Kansas","Shawnee",2020,366,296,66,2,2,0,0,169,58,39,0,0,195,166,5
"Kansas","Sherman",2020,303,282,20,1,0,0,0,106,44,13,0,0,0,0,303
"Kansas","Sumner",2020,366,286,77,3,0,0,0,117,59,40,0,1,195,146,24
"Kansas","Trego",2020,365,326,38,1,0,0,0,147,51,37,0,0,296,54,15
"Kansas","Wyandotte",2020,366,233,128,5,0,0,0,116,63,44,0,6,112,238,10
"Kentucky","Bell",2020,263,256,7,0,0,0,0,71,46,33,0,0,232,31,0
"Kentucky","Boone",2020,242,218,24,0,0,0,0,87,50,36,0,0,242,0,0
"Kentucky","Boyd",2020,366,324,42,0,0,0,0,88,51,36,0,7,194,164,1
"Kentucky","Bullitt",2020,240,224,15,1,0,0,0,115,48,37,0,0,240,0,0
"Kentucky","Campbell",2020,366,306,60,0,0,0,0,93,54,39,0,3,182,181,0
"Kentucky","Carter",2020,285,283,2,0,0,0,0,59,44,31,0,0,230,54,1
"Kentucky","Christian",2020,320,288,32,0,0,0,0,83,51,38,0,0,199,121,0
"Kentucky","Daviess",2020,366,308,57,1,0,0,0,105,54,38,0,3,184,179,0
"Kentucky","Edmonson",2020,365,357,8,0,0,0,0,64,45,33,4,0,346,15,0
"Kentucky","Fayette",2020,366,328,38,0,0,0,0,84,51,38,0,11,177,178,0
"Kentucky","Greenup",2020,243,241,2,0,0,0,0,61,44,33,0,0,243,0,0
"Kentucky","Hancock",2020,245,233,12,0,0,0,0,97,47,37,0,0,245,0,0
"Kentucky","Hardin",2020,366,328,38,0,0,0,0,80,51,38,0,0,188,178,0
"Kentucky","Jefferson",2020,366,239,120,7,0,0,0,115,61,45,0,10,160,196,0
"Kentucky","Jessamine",2020,243,232,11,0,0,0,0,77,47,37,0,0,243,0,0
"Kentucky","Livingston",2020,248,235,12,1,0,0,0,105,47,37,0,0,239,0,9
"Kentucky","McCracken",2020,366,299,66,1,0,0,0,111,57,39,0,7,166,193,0
"Kentucky","Morgan",2020,365,361,4,0,0,0,0,64,44,33,0,0,365,0,0
"Kentucky","Oldham",2020,239,218,21,0,0,0,0,97,49,38,0,0,239,0,0
"Kentucky","Perry",2020,364,335,29,0,0,0,0,99,48,34,0,0,159,205,0
"Kentucky","Pike",2020,365,351,14,0,0,0,0,92,45,32,0,0,178,187,0
"Kentucky","Pulaski",2020,283,265,18,0,0,0,0,77,48,36,0,0,221,62,0
"Kentucky","Simpson",2020,221,217,4,0,0,0,0,67,46,36,0,0,221,0,0
"Kentucky","Trigg",2020,362,350,12,0,0,0,0,84,45,34,0,0,362,0,0
"Kentucky","Warren",2020,366,313,53,0,0,0,0,97,53,38,0,0,143,223,0
"Kentucky","Washington",2020,364,352,12,0,0,0,0,77,46,34,0,0,364,0,0
"Louisiana","Ascension",2020,364,350,14,0,0,0,0,100,46,31,0,6,358,0,0
"Louisiana","Bossier",2020,362,312,49,1,0,0,0,105,53,36,0,0,214,142,6
"Louisiana","Caddo",2020,349,317,31,1,0,0,0,126,49,34,0,0,275,74,0
"Louisiana","Calcasieu",2020,349,258,90,1,0,0,0,116,61,41,0,2,167,180,0
"Louisiana","East Baton Rouge",2020,366,306,57,3,0,0,0,119,54,38,0,6,201,159,0
"Louisiana","Iberville",2020,366,321,42,3,0,0,0,136,54,36,0,0,331,35,0
"Louisiana","Jefferson",2020,366,308,58,0,0,0,0,87,54,36,0,2,267,97,0
"Louisiana","Lafayette",2020,364,274,89,1,0,0,0,120,59,40,0,0,191,172,1
"Louisiana","Lafourche",2020,366,289,76,1,0,0,0,115,56,39,0,0,162,204,0
"Louisiana","Livingston",2020,355,273,81,1,0,0,0,105,58,39,0,0,157,198,0
"Louisiana","Orleans",2020,366,333,33,0,0,0,0,88,47,28,2,120,0,230,14
"Louisiana","Ouachita",2020,362,343,18,1,0,0,0,111,45,32,0,0,311,51,0
"Louisiana","Pointe Coupee",2020,362,343,19,0,0,0,0,100,45,32,0,0,362,0,0
"Louisiana","Rapides",2020,121,111,9,1,0,0,0,103,49,26,0,0,0,121,0
"Louisiana","St. Bernard",2020,357,295,62,0,0,0,0,84,54,39,0,0,213,142,2
"Louisiana","St. James",2020,357,351,6,0,0,0,0,90,44,29,0,0,357,0,0
"Louisiana","St. John the Baptist",2020,351,341,10,0,0,0,0,80,45,31,0,0,351,0,0
"Louisiana","St. Martin",2020,358,337,21,0,0,0,0,87,48,33,0,0,358,0,0
"Louisiana","St. Tammany",2020,364,317,47,0,0,0,0,90,52,36,0,0,243,121,0
"Louisiana","Tangipahoa",2020,121,110,11,0,0,0,0,64,49,26,0,0,0,121,0
"Louisiana","Terrebonne",2020,120,110,10,0,0,0,0,74,50,27,0,0,0,120,0
"Louisiana","West Baton Rouge",2020,366,302,61,3,0,0,0,101,58,37,0,6,174,186,0
"Maine","Androscoggin",2020,360,344,16,0,0,0,0,66,44,29,0,0,191,164,5
"Maine","Aroostook",2020,366,341,24,0,1,0,0,189,47,33,0,0,263,86,17
"Maine","Cumberland",2020,366,320,46,0,0,0,0,97,53,38,0,12,240,113,1
"Maine","Hancock",2020,366,339,26,1,0,0,0,105,48,35,0,0,359,7,0
"Maine","Kennebec",2020,230,227,3,0,0,0,0,64,44,35,0,4,196,29,1
"Maine","Knox",2020,148,142,6,0,0,0,0,71,45,31,0,0,148,0,0
"Maine","Oxford",2020,324,313,11,0,0,0,0,65,44,33,0,0,226,98,0
"Maine","Penobscot",2020,363,352,11,0,0,0,0,73,44,29,0,0,208,152,3
"Maine","Washington",2020,353,351,2,0,0,0,0,61,44,33,0,0,348,5,0
"Maine","York",2020,235,223,12,0,0,0,0,87,47,39,0,0,235,0,0
"Maryland","Anne Arundel",2020,262,235,25,2,0,0,0,108,51,39,0,0,240,0,22
"Maryland","Baltimore",2020,365,306,57,2,0,0,0,105,57,39,0,22,238,105,0
"Maryland","Baltimore (City)",2020,363,326,37,0,0,0,0,97,51,34,0,92,159,111,1
"Maryland","Calvert",2020,238,235,3,0,0,0,0,67,44,35,0,0,238,0,0
"Maryland","Carroll",2020,242,225,17,0,0,0,0,84,49,39,0,0,242,0,0
"Maryland","Cecil",2020,357,329,28,0,0,0,0,97,49,34,0,0,223,134,0
"Maryland","Charles",2020,236,235,1,0,0,0,0,58,44,34,0,0,236,0,0
"Maryland","Dorchester",2020,365,351,14,0,0,0,0,84,47,35,0,0,343,22,0
"Maryland","Frederick",2020,237,217,20,0,0,0,0,90,49,40,0,0,237,0,0
"Maryland","Garrett",2020,365,355,10,0,0,0,0,71,46,36,0,0,344,21,0
"Maryland","Harford",2020,357,308,48,1,0,0,0,119,55,38,0,0,226,131,0
"Maryland","Howard",2020,364,348,16,0,0,0,0,68,44,28,5,119,0,240,0
"Maryland","Kent",2020,359,346,13,0,0,0,0,100,46,33,0,0,235,124,0
"Maryland","Montgomery",2020,355,333,22,0,0,0,0,77,45,33,0,0,214,141,0
"Maryland","Prince George's",2020,366,333,32,1,0,0,0,105,50,37,0,4,307,55,0
"Maryland","Washington",2020,359,319,40,0,0,0,0,81,51,37,0,0,216,143,0
"Massachusetts","Barnstable",2020,351,340,9,2,0,0,0,108,45,35,0,0,346,5,0
"Massachusetts","Berkshire",2020,366,327,39,0,0,0,0,94,52,36,0,0,242,124,0
"Massachusetts","Bristol",2020,366,315,48,3,0,0,0,119,53,39,0,0,277,89,0
"Massachusetts","Dukes",2020,357,347,9,1,0,0,0,126,45,36,0,0,349,8,0
"Massachusetts","Essex",2020,366,330,36,0,0,0,0,97,50,37,0,6,257,103,0
"Massachusetts","Franklin",2020,365,315,50,0,0,0,0,96,55,37,0,0,193,172,0
"Massachusetts","Hampden",2020,366,313,53,0,0,0,0,99,55,39,0,7,205,154,0
"Massachusetts","Hampshire",2020,366,341,25,0,0,0,0,84,48,35,0,9,264,92,1
"Massachusetts","Middlesex",2020,366,340,26,0,0,0,0,93,48,36,0,18,253,95,0
"Massachusetts","Norfolk",2020,366,352,14,0,0,0,0,71,43,32,0,8,284,74,0
"Massachusetts","Plymouth",2020,366,328,38,0,0,0,0,80,51,37,0,0,235,131,0
"Massachusetts","Suffolk",2020,366,326,40,0,0,0,0,84,51,37,0,33,130,203,0
"Massachusetts","Worcester",2020,366,319,47,0,0,0,0,90,52,38,0,12,223,131,0
"Michigan","Allegan",2020,359,311,42,6,0,0,0,136,54,36,0,0,241,118,0
"Michigan","Bay",2020,365,350,15,0,0,0,0,74,39,17,0,0,0,365,0
"Michigan","Benzie",2020,262,244,16,1,1,0,0,164,47,36,0,0,262,0,0
"Michigan","Berrien",2020,258,217,34,7,0,0,0,150,61,38,0,0,258,0,0
"Michigan","Cass",2020,253,212,36,5,0,0,0,122,61,39,0,0,253,0,0
"Michigan","Clinton",2020,256,244,12,0,0,0,0,93,46,34,0,0,256,0,0
"Michigan","Genesee",2020,366,322,43,1,0,0,0,126,52,35,0,0,242,124,0
"Michigan","Huron",2020,266,246,13,7,0,0,0,150,48,36,0,0,266,0,0
"Michigan","Ingham",2020,366,329,36,0,1,0,0,151,51,34,0,10,277,79,0
"Michigan","Kalamazoo",2020,323,269,48,6,0,0,0,115,58,38,0,0,224,99,0
"Michigan","Kent",2020,365,302,55,7,1,0,0,153,58,36,1,0,288,76,0
"Michigan","Keweenaw",2020,117,116,0,1,0,0,0,124,24,10,0,0,0,117,0
"Michigan","Lenawee",2020,366,296,68,2,0,0,0,122,57,38,0,0,199,167,0
"Michigan","Macomb",2020,299,258,29,12,0,0,0,126,60,36,0,0,260,39,0
"Michigan","Manistee",2020,139,133,6,0,0,0,0,80,41,28,0,0,69,70,0
"Michigan","Mason",2020,251,229,20,1,1,0,0,159,49,37,0,0,251,0,0
"Michigan","Missaukee",2020,365,320,44,1,0,0,0,105,52,36,0,13,202,150,0
"Michigan","Monroe",2020,61,58,3,0,0,0,0,66,40,17,0,0,0,0,61
"Michigan","Muskegon",2020,248,210,32,6,0,0,0,143,64,37,0,0,248,0,0
"Michigan","Oakland",2020,298,254,38,6,0,0,0,126,59,36,0,0,247,51,0
"Michigan","Ottawa",2020,365,315,44,6,0,0,0,150,56,33,0,82,239,41,3
"Michigan","Schoolcraft",2020,347,331,13,3,0,0,0,133,44,33,0,0,254,93,0
"Michigan","St. Clair",2020,328,275,52,1,0,0,0,105,56,35,0,0,204,124,0
"Michigan","Tuscola",2020,343,330,11,2,0,0,0,101,44,32,0,0,343,0,0
"Michigan","Washtenaw",2020,366,292,68,5,1,0,0,157,58,38,0,0,239,127,0
"Michigan","Wayne",2020,366,203,153,8,2,0,0,179,73,48,0,10,100,240,16
"Michigan","Wexford",2020,356,341,15,0,0,0,0,100,44,33,0,0,356,0,0
"Minnesota","Anoka",2020,366,325,41,0,0,0,0,87,52,35,0,8,234,122,2
"Minnesota","Becker",2020,366,343,22,1,0,0,0,101,46,32,0,0,229,137,0
"Minnesota","Beltrami",2020,359,348,11,0,0,0,0,73,39,23,0,0,0,359,0
"Minnesota","Carlton",2020,354,351,3,0,0,0,0,84,42,24,0,0,190,164,0
"Minnesota","Cass",2020,346,335,11,0,0,0,0,75,35,17,0,0,0,346,0
"Minnesota","Cook",2020,345,343,2,0,0,0,0,53,21,10,0,0,0,345,0
"Minnesota","Crow Wing",2020,359,348,11,0,0,0,0,76,42,28,0,0,196,163,0
"Minnesota","Dakota",2020,366,324,41,1,0,0,0,135,52,30,0,17,0,349,0
"Minnesota","Goodhue",2020,210,201,9,0,0,0,0,87,46,35,0,0,210,0,0
"Minnesota","Hennepin",2020,366,274,90,1,1,0,0,156,57,38,0,12,32,222,100
"Minnesota","Lake",2020,365,357,8,0,0,0,0,71,42,30,0,0,209,156,0
"Minnesota","Lyon",2020,360,330,30,0,0,0,0,80,48,32,0,0,196,164,0
"Minnesota","Mille Lacs",2020,245,240,5,0,0,0,0,87,44,33,0,0,245,0,0
"Minnesota","Olmsted",2020,366,325,40,1,0,0,0,111,52,35,0,0,225,141,0
"Minnesota","Ramsey",2020,366,318,47,0,1,0,0,160,54,30,0,0,0,324,42
"Minnesota","Saint Louis",2020,366,334,31,1,0,0,0,104,49,36,0,1,216,139,10
"Minnesota","Scott",2020,365,335,29,1,0,0,0,121,49,32,0,0,227,138,0
"Minnesota","Stearns",2020,366,336,30,0,0,0,0,80,47,33,0,0,210,156,0
"Minnesota","Washington",2020,215,210,5,0,0,0,0,77,44,33,0,0,215,0,0
"Minnesota","Winona",2020,119,117,2,0,0,0,0,52,30,17,0,0,0,119,0
"Minnesota","Wright",2020,357,321,35,1,0,0,0,112,51,34,0,0,194,163,0
"Mississippi","Bolivar",2020,363,295,68,0,0,0,0,85,56,39,0,0,144,219,0
"Mississippi","DeSoto",2020,365,309,56,0,0,0,0,100,54,37,0,0,144,221,0
"Mississippi","Forrest",2020,361,274,87,0,0,0,0,97,59,36,0,0,0,361,0
"Mississippi","Hancock",2020,351,288,63,0,0,0,0,88,54,38,0,0,130,221,0
"Mississippi","Harrison",2020,352,263,88,1,0,0,0,101,60,42,0,0,103,249,0
"Mississippi","Hinds",2020,366,249,116,1,0,0,0,114,62,44,0,0,101,265,0
"Mississippi","Jackson",2020,356,291,65,0,0,0,0,84,55,39,0,3,138,215,0
"Mississippi","Lauderdale",2020,252,252,0,0,0,0,0,50,42,31,0,0,252,0,0
"Mississippi","Lee",2020,243,242,1,0,0,0,0,54,45,35,0,0,243,0,0
"Mississippi","Yalobusha",2020,348,345,3,0,0,0,0,51,42,31,0,0,348,0,0
"Missouri","Andrew",2020,245,225,20,0,0,0,0,77,49,38,0,0,245,0,0
"Missouri","Boone",2020,244,235,9,0,0,0,0,93,44,33,0,0,244,0,0
"Missouri","Buchanan",2020,365,304,60,1,0,0,0,126,53,33,0,0,0,258,107
"Missouri","Callaway",2020,245,234,11,0,0,0,0,87,45,35,0,0,245,0,0
"Missouri","Cass",2020,362,333,27,2,0,0,0,105,49,36,0,0,206,156,0
"Missouri","Cedar",2020,352,320,32,0,0,0,0,99,50,36,0,0,196,156,0
"Missouri","Clay",2020,364,313,50,1,0,0,0,101,55,35,0,0,224,140,0
"Missouri","Clinton",2020,245,226,19,0,0,0,0,87,48,37,0,0,245,0,0
"Missouri","Greene",2020,364,320,43,1,0,0,0,116,52,37,0,0,168,190,6
"Missouri","Jackson",2020,366,253,110,2,1,0,0,157,60,40,0,24,0,271,71
"Missouri","Jasper",2020,366,320,46,0,0,0,0,82,52,35,0,0,212,0,154
"Missouri","Jefferson",2020,365,319,44,2,0,0,0,141,54,38,0,0,171,185,9
"Missouri","Lincoln",2020,245,228,16,1,0,0,0,108,48,37,0,0,245,0,0
"Missouri","Monroe",2020,366,360,6,0,0,0,0,84,43,31,0,0,362,0,4
"Missouri","Perry",2020,245,231,14,0,0,0,0,97,47,36,0,0,245,0,0
"Missouri","Saint Charles",2020,245,216,25,4,0,0,0,112,54,39,0,0,245,0,0
"Missouri","Saint Louis",2020,366,287,73,6,0,0,0,144,61,40,0,26,200,140,0
"Missouri","Sainte Genevieve",2020,245,229,16,0,0,0,0,87,46,36,0,0,245,0,0
"Missouri","St. Louis City",2020,366,224,137,4,1,0,0,155,67,46,0,8,122,192,44
"Missouri","Stoddard",2020,63,59,4,0,0,0,0,62,45,19,0,0,0,63,0
"Missouri","Taney",2020,122,120,2,0,0,0,0,57,36,17,0,0,0,122,0
"Montana","Cascade",2020,359,338,18,3,0,0,0,115,44,18,0,0,0,359,0
"Montana","Fergus",2020,366,342,21,1,2,0,0,157,47,39,0,1,327,38,0
"Montana","Flathead",2020,366,317,41,3,5,0,0,190,56,35,0,0,249,82,35
"Montana","Gallatin",2020,366,327,28,9,2,0,0,159,52,22,3,9,0,354,0
"Montana","Lake",2020,117,113,1,1,2,0,0,174,20,5,0,0,0,117,0
"Montana","Lewis and Clark",2020,366,311,50,1,4,0,0,164,55,40,0,0,278,88,0
"Montana","Lincoln",2020,366,217,140,2,4,2,1,327,71,40,0,0,0,357,9
"Montana","Missoula",2020,366,210,137,13,6,0,0,176,83,47,0,0,148,218,0
"Montana","Phillips",2020,366,306,58,2,0,0,0,140,64,35,0,0,274,55,37
"Montana","Powder River",2020,350,276,69,3,2,0,0,157,66,40,0,0,217,81,52
"Montana","Powell",2020,33,33,0,0,0,0,0,11,6,3,0,0,0,33,0
"Montana","Ravalli",2020,361,319,34,3,5,0,0,176,53,11,0,0,0,361,0
"Montana","Richland",2020,366,354,12,0,0,0,0,68,46,36,0,0,328,36,2
"Montana","Roosevelt",2020,77,75,2,0,0,0,0,55,25,9,0,0,0,77,0
"Montana","Rosebud",2020,346,316,25,3,2,0,0,153,48,37,0,0,282,47,17
"Montana","Sanders",2020,366,328,30,1,5,2,0,236,51,23,0,0,0,346,20
"Montana","Sheridan",2020,107,105,2,0,0,0,0,53,20,10,0,0,0,107,0
"Montana","Silver Bow",2020,366,317,41,5,3,0,0,173,56,19,0,0,0,205,161
"Montana","Yellowstone",2020,364,329,32,2,1,0,0,160,48,23,0,0,0,364,0
"Nebraska","Cass",2020,358,346,12,0,0,0,0,71,32,14,0,0,0,0,358
"Nebraska","Douglas",2020,366,324,40,1,1,0,0,156,53,35,2,0,187,153,24
"Nebraska","Hall",2020,338,314,24,0,0,0,0,85,43,20,0,0,0,338,0
"Nebraska","Knox",2020,365,341,24,0,0,0,0,84,48,35,0,0,365,0,0
"Nebraska","Lancaster",2020,282,272,10,0,0,0,0,74,45,33,0,0,217,65,0
"Nebraska","Sarpy",2020,316,279,35,2,0,0,0,149,52,29,0,0,0,316,0
"Nebraska","Scotts Bluff",2020,278,224,52,2,0,0,0,122,55,27,0,0,0,278,0
"Nebraska","Thomas",2020,115,110,5,0,0,0,0,71,27,11,0,0,0,115,0
"Nebraska","Washington",2020,110,104,6,0,0,0,0,72,42,23,0,0,0,110,0
"Nevada","Carson City",2020,366,302,44,12,8,0,0,192,67,41,0,0,260,106,0
"Nevada","Churchill",2020,363,336,25,2,0,0,0,147,50,40,0,0,363,0,0
"Nevada","Clark",2020,366,108,233,22,3,0,0,174,93,61,0,17,214,123,12
"Nevada","Douglas",2020,366,311,38,6,9,2,0,249,60,17,0,0,0,366,0
"Nevada","Elko",2020,363,332,29,1,1,0,0,154,48,18,0,0,0,15,348
"Nevada","Lyon",2020,356,308,39,5,3,0,1,331,59,38,0,0,302,0,54
"Nevada","Nye",2020,366,343,20,1,2,0,0,200,40,21,0,0,0,0,366
"Nevada","Washoe",2020,366,239,103,11,11,2,0,240,85,46,0,4,259,96,7
"Nevada","White Pine",2020,361,294,64,3,0,0,0,136,61,44,0,0,358,3,0
"New Hampshire","Belknap",2020,359,353,6,0,0,0,0,61,43,30,0,0,200,159,0
"New Hampshire","Cheshire",2020,366,339,27,0,0,0,0,75,47,35,0,0,250,116,0
"New Hampshire","Coos",2020,366,339,27,0,0,0,0,74,50,43,0,0,366,0,0
"New Hampshire","Grafton",2020,366,355,11,0,0,0,0,66,43,33,0,0,318,48,0
"New Hampshire","Hillsborough",2020,366,358,8,0,0,0,0,90,45,36,0,0,355,11,0
"New Hampshire","Merrimack",2020,213,209,4,0,0,0,0,74,44,38,0,0,213,0,0
"New Hampshire","Rockingham",2020,366,328,38,0,0,0,0,90,51,38,0,0,273,93,0
"New Jersey","Atlantic",2020,359,330,29,0,0,0,0,90,47,34,0,0,244,115,0
"New Jersey","Bergen",2020,364,292,69,3,0,0,0,119,58,39,3,66,159,136,0
"New Jersey","Camden",2020,366,292,74,0,0,0,0,87,58,40,0,10,202,154,0
"New Jersey","Cumberland",2020,365,319,46,0,0,0,0,71,52,38,0,4,206,155,0
"New Jersey","Essex",2020,366,294,71,1,0,0,0,127,58,39,1,63,161,141,0
"New Jersey","Gloucester",2020,253,231,21,1,0,0,0,101,49,36,0,0,203,50,0
"New Jersey","Hudson",2020,366,308,58,0,0,0,0,90,54,37,0,88,177,101,0
"New Jersey","Hunterdon",2020,364,320,44,0,0,0,0,85,52,38,0,0,242,122,0
"New Jersey","Mercer",2020,366,311,52,3,0,0,0,112,54,38,0,0,262,104,0
"New Jersey","Middlesex",2020,366,313,52,1,0,0,0,112,53,37,0,15,224,127,0
"New Jersey","Monmouth",2020,226,209,17,0,0,0,0,93,48,37,0,0,226,0,0
"New Jersey","Morris",2020,366,347,19,0,0,0,0,84,47,35,0,8,349,9,0
"New Jersey","Ocean",2020,356,327,29,0,0,0,0,84,48,35,0,0,215,141,0
"New Jersey","Passaic",2020,262,247,15,0,0,0,0,100,47,36,0,0,244,18,0
"New Jersey","Union",2020,366,291,74,1,0,0,0,111,56,38,2,113,0,251,0
"New Jersey","Warren",2020,361,327,34,0,0,0,0,100,50,34,0,33,207,121,0
"New Mexico","Bernalillo",2020,366,135,222,7,1,1,0,214,77,54,0,0,200,83,83
"New Mexico","Catron",2020,115,111,4,0,0,0,0,79,30,10,0,0,0,115,0
"New Mexico","Chaves",2020,119,116,3,0,0,0,0,75,37,17,0,0,0,119,0
"New Mexico","Dona Ana",2020,366,168,177,15,3,1,2,400,88,53,0,7,237,39,83
"New Mexico","Eddy",2020,364,248,105,11,0,0,0,115,80,46,0,0,357,7,0
"New Mexico","Lea",2020,366,334,32,0,0,0,0,76,50,39,0,5,322,39,0
"New Mexico","Lincoln",2020,115,114,1,0,0,0,0,51,28,11,0,0,0,115,0
"New Mexico","Los Alamos",2020,117,116,1,0,0,0,0,53,19,10,0,0,0,117,0
"New Mexico","Luna",2020,354,335,18,0,0,0,1,360,40,19,0,0,0,0,354
"New Mexico","Rio Arriba",2020,362,314,48,0,0,0,0,90,54,44,0,0,361,1,0
"New Mexico","San Juan",2020,366,265,96,5,0,0,0,109,64,45,0,0,364,0,2
"New Mexico","Sandoval",2020,358,271,82,5,0,0,0,119,61,44,0,0,358,0,0
"New Mexico","Santa Fe",2020,366,297,68,1,0,0,0,101,58,44,0,0,349,17,0
"New Mexico","Socorro",2020,111,111,0,0,0,0,0,49,28,11,0,0,0,111,0
"New Mexico","Taos",2020,360,337,23,0,0,0,0,64,43,20,0,0,0,360,0
"New Mexico","Valencia",2020,359,283,74,2,0,0,0,105,61,44,0,0,359,0,0
"New York","Albany",2020,365,306,56,3,0,0,0,143,55,38,0,0,183,182,0
"New York","Bronx",2020,366,291,74,1,0,0,0,108,61,39,0,39,178,149,0
"New York","Chautauqua",2020,363,338,25,0,0,0,0,93,47,35,0,0,352,11,0
"New York","Dutchess",2020,331,322,9,0,0,0,0,87,45,35,0,0,331,0,0
"New York","Erie",2020,366,317,47,0,2,0,0,155,52,37,0,10,224,132,0
"New York","Essex",2020,365,350,15,0,0,0,0,80,47,38,0,0,360,5,0
"New York","Hamilton",2020,357,354,3,0,0,0,0,54,44,34,0,0,357,0,0
"New York","Jefferson",2020,360,345,15,0,0,0,0,90,44,33,0,0,360,0,0
"New York","Kings",2020,365,338,27,0,0,0,0,77,47,23,0,0,0,365,0
"New York","Monroe",2020,366,323,43,0,0,0,0,80,52,36,0,0,245,121,0
"New York","Nassau",2020,361,344,17,0,0,0,0,72,41,20,0,0,0,361,0
"New York","New York",2020,366,311,54,1,0,0,0,108,56,37,2,0,222,142,0
"New York","Niagara",2020,359,340,19,0,0,0,0,87,46,34,0,0,359,0,0
"New York","Oneida",2020,349,334,15,0,0,0,0,78,36,16,0,0,0,349,0
"New York","Onondaga",2020,364,336,28,0,0,0,0,74,48,35,0,0,281,83,0
"New York","Orange",2020,366,342,24,0,0,0,0,97,47,36,0,0,254,112,0
"New York","Oswego",2020,359,349,10,0,0,0,0,58,44,33,0,0,359,0,0
"New York","Putnam",2020,314,308,6,0,0,0,0,64,44,33,0,0,314,0,0
"New York","Queens",2020,366,298,65,3,0,0,0,140,61,38,0,54,211,101,0
"New York","Richmond",2020,364,319,43,2,0,0,0,108,52,36,0,0,211,153,0
"New York","Rockland",2020,366,340,26,0,0,0,0,93,48,34,0,0,298,68,0
"New York","Saratoga",2020,319,315,4,0,0,0,0,61,44,33,0,0,319,0,0
"New York","Steuben",2020,365,356,9,0,0,0,0,79,44,34,0,0,310,55,0
"New York","Suffolk",2020,366,309,51,6,0,0,0,133,59,37,0,0,293,73,0
"New York","Tompkins",2020,364,359,5,0,0,0,0,64,44,34,0,0,364,0,0
"New York","Wayne",2020,327,305,22,0,0,0,0,80,46,34,0,0,327,0,0
"New York","Westchester",2020,363,327,35,1,0,0,0,105,50,36,0,0,280,83,0
"North Carolina","Alexander",2020,300,297,3,0,0,0,0,54,45,33,0,0,243,0,57
"North Carolina","Avery",2020,366,352,14,0,0,0,0,80,46,37,0,0,363,3,0
"North Carolina","Buncombe",2020,363,353,10,0,0,0,0,97,45,31,0,0,210,153,0
"North Carolina","Caldwell",2020,243,243,0,0,0,0,0,50,44,34,0,0,243,0,0
"North Carolina","Carteret",2020,362,359,3,0,0,0,0,61,43,34,0,0,362,0,0
"North Carolina","Caswell",2020,354,349,5,0,0,0,0,61,44,31,0,0,241,0,113
"North Carolina","Catawba",2020,357,312,45,0,0,0,0,94,53,31,0,0,0,357,0
"North Carolina","Cumberland",2020,363,329,34,0,0,0,0,81,49,35,0,0,191,167,5
"North Carolina","Davidson",2020,329,265,64,0,0,0,0,95,54,32,0,0,0,329,0
"North Carolina","Durham",2020,364,334,30,0,0,0,0,97,49,35,0,0,170,193,1
"North Carolina","Edgecombe",2020,336,319,17,0,0,0,0,94,46,32,0,0,182,154,0
"North Carolina","Forsyth",2020,366,298,68,0,0,0,0,97,56,40,0,7,180,179,0
"North Carolina","Graham",2020,238,223,15,0,0,0,0,97,49,40,0,0,238,0,0
"North Carolina","Granville",2020,238,237,1,0,0,0,0,51,46,36,0,0,238,0,0
"North Carolina","Guilford",2020,365,335,30,0,0,0,0,87,50,36,0,0,198,160,7
"North Carolina","Haywood",2020,272,244,28,0,0,0,0,93,51,41,0,0,244,28,0
"North Carolina","Hyde",2020,114,112,2,0,0,0,0,53,28,15,0,0,0,114,0
"North Carolina","Jackson",2020,111,107,4,0,0,0,0,68,40,24,0,0,0,111,0
"North Carolina","Johnston",2020,339,318,21,0,0,0,0,72,49,36,0,0,185,154,0
"North Carolina","Lenoir",2020,296,290,6,0,0,0,0,58,45,32,0,0,238,0,58
"North Carolina","Lincoln",2020,243,241,2,0,0,0,0,71,45,35,0,0,243,0,0
"North Carolina","Macon",2020,360,358,2,0,0,0,0,64,41,29,0,0,360,0,0
"North Carolina","Martin",2020,240,240,0,0,0,0,0,49,42,33,0,0,240,0,0
"North Carolina","Mecklenburg",2020,366,296,68,2,0,0,0,112,56,40,0,0,204,162,0
"North Carolina","Mitchell",2020,356,347,8,1,0,0,0,103,36,20,0,0,0,356,0
"North Carolina","Montgomery",2020,366,342,24,0,0,0,0,83,47,35,0,0,202,164,0
"North Carolina","New Hanover",2020,357,344,13,0,0,0,0,74,45,31,0,0,222,135,0
"North Carolina","Northampton",2020,360,346,14,0,0,0,0,88,42,22,0,41,0,319,0
"North Carolina","Person",2020,240,240,0,0,0,0,0,50,44,34,0,0,240,0,0
"North Carolina","Pitt",2020,361,344,17,0,0,0,0,95,47,33,0,0,199,162,0
"North Carolina","Rockingham",2020,243,238,5,0,0,0,0,54,47,36,0,0,243,0,0
"North Carolina","Rowan",2020,365,318,47,0,0,0,0,88,52,39,0,0,242,123,0
"North Carolina","Swain",2020,362,340,21,1,0,0,0,119,47,33,0,0,197,165,0
"North Carolina","Union",2020,242,242,0,0,0,0,0,50,44,31,0,0,242,0,0
"North Carolina","Wake",2020,365,284,80,1,0,0,0,101,56,38,1,2,168,194,0
"North Carolina","Yancey",2020,244,204,39,1,0,0,0,105,58,44,0,0,244,0,0
"North Dakota","Billings",2020,366,359,7,0,0,0,0,61,44,34,0,0,334,32,0
"North Dakota","Burke",2020,366,353,13,0,0,0,0,69,45,33,0,0,293,65,8
"North Dakota","Burleigh",2020,366,336,30,0,0,0,0,74,48,33,0,7,215,137,7
"North Dakota","Cass",2020,363,336,27,0,0,0,0,80,46,34,0,7,251,105,0
"North Dakota","Dunn",2020,366,360,6,0,0,0,0,58,44,33,0,0,331,35,0
"North Dakota","McKenzie",2020,363,357,6,0,0,0,0,62,44,33,0,1,336,26,0
"North Dakota","Mercer",2020,366,357,9,0,0,0,0,75,44,33,0,5,287,74,0
"North Dakota","Oliver",2020,366,350,16,0,0,0,0,74,46,35,0,0,308,56,2
"North Dakota","Ward",2020,366,357,9,0,0,0,0,69,43,33,0,1,311,54,0
"Ohio","Adams",2020,287,268,19,0,0,0,0,81,48,29,0,0,0,287,0
"Ohio","Allen",2020,360,318,41,1,0,0,0,105,52,36,0,0,225,135,0
"Ohio","Ashtabula",2020,241,224,17,0,0,0,0,93,47,37,0,0,241,0,0
"Ohio","Athens",2020,86,83,3,0,0,0,0,61,41,24,0,0,0,86,0
"Ohio","Belmont",2020,366,357,9,0,0,0,0,66,30,12,0,276,0,82,8
"Ohio","Butler",2020,366,307,56,3,0,0,0,126,58,38,0,0,304,59,3
"Ohio","Clark",2020,343,274,68,1,0,0,0,108,58,40,0,0,201,142,0
"Ohio","Clermont",2020,361,325,36,0,0,0,0,100,50,35,0,0,211,150,0
"Ohio","Clinton",2020,229,205,24,0,0,0,0,97,54,39,0,0,229,0,0
"Ohio","Columbiana",2020,48,48,0,0,0,0,0,31,20,10,0,0,0,0,48
"Ohio","Cuyahoga",2020,366,226,130,9,1,0,0,152,66,46,0,1,156,202,7
"Ohio","Delaware",2020,244,222,21,1,0,0,0,101,50,38,0,0,244,0,0
"Ohio","Fayette",2020,341,318,23,0,0,0,0,80,49,35,0,0,341,0,0
"Ohio","Franklin",2020,366,296,68,2,0,0,0,102,58,40,0,9,194,163,0
"Ohio","Geauga",2020,245,214,31,0,0,0,0,100,61,41,0,0,245,0,0
"Ohio","Greene",2020,245,220,25,0,0,0,0,93,51,39,0,0,245,0,0
"Ohio","Hamilton",2020,366,211,148,7,0,0,0,126,70,48,0,14,124,228,0
"Ohio","Harrison",2020,304,304,0,0,0,0,0,49,23,1,259,0,0,40,5
"Ohio","Jefferson",2020,359,292,66,1,0,0,0,112,58,37,0,0,194,164,1
"Ohio","Knox",2020,245,226,19,0,0,0,0,80,49,38,0,0,245,0,0
"Ohio","Lake",2020,366,322,38,6,0,0,0,140,54,37,0,0,223,141,2
"Ohio","Lawrence",2020,354,316,38,0,0,0,0,77,51,36,0,0,201,153,0
"Ohio","Licking",2020,245,230,15,0,0,0,0,77,48,37,0,0,245,0,0
"Ohio","Lorain",2020,358,322,35,0,1,0,0,154,51,35,0,0,189,169,0
"Ohio","Lucas",2020,354,291,55,8,0,0,0,136,62,38,0,0,201,153,0
"Ohio","Madison",2020,245,220,25,0,0,0,0,84,51,39,0,0,245,0,0
"Ohio","Mahoning",2020,365,320,44,1,0,0,0,142,54,38,0,0,169,196,0
"Ohio","Medina",2020,360,321,39,0,0,0,0,93,51,35,0,0,187,173,0
"Ohio","Miami",2020,229,217,12,0,0,0,0,93,49,39,0,0,229,0,0
"Ohio","Montgomery",2020,361,246,111,4,0,0,0,112,64,44,0,0,162,198,1
"Ohio","Noble",2020,356,334,22,0,0,0,0,87,47,36,0,0,345,11,0
"Ohio","Portage",2020,262,229,32,1,0,0,0,101,55,39,0,0,241,21,0
"Ohio","Preble",2020,366,315,50,1,0,0,0,101,54,38,0,0,245,121,0
"Ohio","Scioto",2020,366,361,5,0,0,0,0,92,31,14,0,0,0,96,270
"Ohio","Stark",2020,358,262,92,4,0,0,0,119,62,42,0,0,173,185,0
"Ohio","Summit",2020,361,276,82,3,0,0,0,114,59,39,0,0,121,240,0
"Ohio","Trumbull",2020,357,315,39,2,1,0,0,153,52,37,0,0,219,138,0
"Ohio","Warren",2020,361,293,64,4,0,0,0,115,59,39,0,0,211,150,0
"Ohio","Washington",2020,245,233,11,1,0,0,0,108,48,38,0,0,245,0,0
"Ohio","Wood",2020,229,216,13,0,0,0,0,80,46,34,0,0,229,0,0
"Oklahoma","Adair",2020,363,337,25,0,1,0,0,151,49,33,1,0,217,137,8
"Oklahoma","Canadian",2020,358,332,26,0,0,0,0,84,49,36,0,0,358,0,0
"Oklahoma","Carter",2020,345,247,97,1,0,0,0,147,64,43,0,0,184,161,0
"Oklahoma","Cleveland",2020,354,253,99,2,0,0,0,121,64,43,0,0,162,192,0
"Oklahoma","Comanche",2020,366,306,59,1,0,0,0,107,58,40,0,0,233,133,0
"Oklahoma","Creek",2020,363,350,13,0,0,0,0,93,47,35,0,0,363,0,0
"Oklahoma","Dewey",2020,365,307,58,0,0,0,0,99,57,39,0,0,234,131,0
"Oklahoma","Grant",2020,106,102,4,0,0,0,0,65,40,19,0,0,0,106,0
"Oklahoma","Johnston",2020,289,267,22,0,0,0,0,97,49,38,0,0,289,0,0
"Oklahoma","Kay",2020,366,266,98,2,0,0,0,113,58,42,0,0,86,280,0
"Oklahoma","Mayes",2020,258,255,3,0,0,0,0,51,44,34,0,0,258,0,0
"Oklahoma","Oklahoma",2020,366,235,127,4,0,0,0,112,67,45,0,13,168,183,2
"Oklahoma","Osage",2020,350,322,28,0,0,0,0,90,49,36,0,0,350,0,0
"Oklahoma","Ottawa",2020,352,271,79,1,1,0,0,154,60,37,0,0,72,252,28
"Oklahoma","Pittsburg",2020,366,303,62,1,0,0,0,141,56,39,0,0,206,160,0
"Oklahoma","Sequoyah",2020,363,337,25,1,0,0,0,141,47,33,0,17,215,131,0
"Oklahoma","Tulsa",2020,366,278,86,2,0,0,0,129,58,42,0,0,200,162,4
"Oklahoma","Washington",2020,344,299,44,1,0,0,0,101,56,40,0,0,220,124,0
"Oregon","Baker",2020,366,327,32,2,5,0,0,200,51,25,0,0,0,366,0
"Oregon","Benton",2020,366,330,25,0,3,5,3,396,50,18,0,0,0,366,0
"Oregon","Clackamas",2020,272,249,14,3,2,1,3,366,49,30,0,0,133,139,0
"Oregon","Columbia",2020,363,342,12,1,4,4,0,268,40,25,0,0,133,230,0
"Oregon","Crook",2020,365,297,61,0,2,2,3,561,60,21,0,0,0,365,0
"Oregon","Deschutes",2020,366,317,35,4,2,1,7,583,55,18,0,0,0,366,0
"Oregon","Douglas",2020,366,313,43,1,1,2,6,518,57,22,0,0,0,366,0
"Oregon","Grant",2020,364,248,109,1,5,0,1,322,66,33,0,0,0,364,0
"Oregon","Harney",2020,366,248,107,2,8,0,1,304,72,32,0,0,0,366,0
"Oregon","Jackson",2020,366,262,89,2,5,4,4,517,70,40,0,0,122,244,0
"Oregon","Jefferson",2020,361,297,53,3,0,3,5,595,59,21,0,0,0,361,0
"Oregon","Josephine",2020,366,273,67,4,15,0,7,472,73,26,0,0,0,366,0
"Oregon","Klamath",2020,366,210,110,23,20,1,2,679,124,41,0,0,0,357,9
"Oregon","Lake",2020,365,285,62,14,4,0,0,165,66,23,0,0,0,274,91
"Oregon","Lane",2020,366,246,106,4,0,2,8,550,75,40,0,0,104,257,5
"Oregon","Linn",2020,366,283,72,0,1,3,7,502,63,27,0,0,0,366,0
"Oregon","Marion",2020,365,302,52,1,1,0,9,641,58,32,0,0,131,234,0
"Oregon","Multnomah",2020,366,308,49,1,0,3,5,477,58,33,0,1,243,122,0
"Oregon","Umatilla",2020,366,311,47,0,1,3,4,463,55,35,0,0,125,241,0
"Oregon","Union",2020,366,330,27,1,5,3,0,288,48,20,0,0,0,362,4
"Oregon","Wallowa",2020,366,322,37,0,7,0,0,198,53,20,0,0,0,366,0
"Oregon","Wasco",2020,355,322,30,0,0,0,3,417,45,18,0,0,0,355,0
"Oregon","Washington",2020,366,308,48,2,0,3,5,416,56,31,0,10,188,168,0
"Pennsylvania","Adams",2020,366,320,46,0,0,0,0,86,54,40,0,0,282,84,0
"Pennsylvania","Allegheny",2020,366,218,138,10,0,0,0,128,75,47,0,0,156,208,2
"Pennsylvania","Armstrong",2020,366,309,54,3,0,0,0,122,54,39,0,0,221,145,0
"Pennsylvania","Beaver",2020,366,279,86,1,0,0,0,142,62,42,0,1,219,146,0
"Pennsylvania","Berks",2020,362,280,81,1,0,0,0,102,58,40,0,0,223,139,0
"Pennsylvania","Blair",2020,360,309,51,0,0,0,0,87,54,38,0,0,229,131,0
"Pennsylvania","Bradford",2020,358,337,21,0,0,0,0,81,48,37,0,0,269,89,0
"Pennsylvania","Bucks",2020,351,331,16,4,0,0,0,115,46,33,0,0,351,0,0
"Pennsylvania","Cambria",2020,366,309,57,0,0,0,0,89,56,38,1,1,183,181,0
"Pennsylvania","Centre",2020,366,324,42,0,0,0,0,90,51,38,0,0,276,90,0
"Pennsylvania","Chester",2020,355,296,58,1,0,0,0,143,55,39,0,0,204,151,0
"Pennsylvania","Clearfield",2020,343,341,2,0,0,0,0,54,42,31,0,0,343,0,0
"Pennsylvania","Cumberland",2020,363,292,69,2,0,0,0,137,55,33,0,0,0,363,0
"Pennsylvania","Dauphin",2020,366,277,86,3,0,0,0,116,61,40,0,0,207,159,0
"Pennsylvania","Delaware",2020,366,249,114,3,0,0,0,129,64,43,0,5,136,225,0
"Pennsylvania","Elk",2020,358,356,2,0,0,0,0,67,44,34,0,0,358,0,0
"Pennsylvania","Erie",2020,363,329,34,0,0,0,0,87,49,34,3,1,262,97,0
"Pennsylvania","Fayette",2020,363,324,39,0,0,0,0,100,51,37,0,1,237,125,0
"Pennsylvania","Franklin",2020,363,363,0,0,0,0,0,50,42,32,0,0,363,0,0
"Pennsylvania","Greene",2020,359,335,23,1,0,0,0,101,49,36,0,0,264,95,0
"Pennsylvania","Indiana",2020,351,325,25,1,0,0,0,112,48,36,0,0,326,25,0
"Pennsylvania","Lackawanna",2020,366,333,33,0,0,0,0,81,50,38,0,29,248,89,0
"Pennsylvania","Lancaster",2020,366,258,103,4,1,0,0,153,62,43,0,0,170,193,3
"Pennsylvania","Lawrence",2020,363,354,9,0,0,0,0,93,43,31,0,0,363,0,0
"Pennsylvania","Lebanon",2020,170,144,25,1,0,0,0,115,55,30,0,0,2,168,0
"Pennsylvania","Lehigh",2020,359,316,43,0,0,0,0,93,52,37,0,0,236,119,4
"Pennsylvania","Luzerne",2020,356,354,2,0,0,0,0,54,43,31,0,0,308,0,48
"Pennsylvania","Lycoming",2020,366,329,36,1,0,0,0,109,51,37,0,0,257,109,0
"Pennsylvania","Mercer",2020,366,319,46,1,0,0,0,105,54,38,0,0,262,104,0
"Pennsylvania","Monroe",2020,357,355,2,0,0,0,0,80,44,33,0,0,357,0,0
"Pennsylvania","Montgomery",2020,366,313,53,0,0,0,0,99,56,38,0,0,225,141,0
"Pennsylvania","Northampton",2020,365,313,51,1,0,0,0,117,54,38,0,7,228,130,0
"Pennsylvania","Philadelphia",2020,366,281,80,5,0,0,0,119,59,41,0,42,174,150,0
"Pennsylvania","Somerset",2020,365,357,8,0,0,0,0,71,44,34,0,0,365,0,0
"Pennsylvania","Susquehanna",2020,365,351,14,0,0,0,0,71,40,23,0,0,0,365,0
"Pennsylvania","Tioga",2020,352,334,18,0,0,0,0,79,47,37,0,0,282,70,0
"Pennsylvania","Washington",2020,366,299,67,0,0,0,0,100,58,41,0,2,226,138,0
"Pennsylvania","Westmoreland",2020,362,331,31,0,0,0,0,81,50,35,0,0,248,114,0
"Pennsylvania","Wyoming",2020,361,341,20,0,0,0,0,76,43,25,0,0,0,361,0
"Pennsylvania","York",2020,366,301,65,0,0,0,0,97,57,40,0,15,195,156,0
"Puerto Rico","Adjuntas",2020,57,53,4,0,0,0,0,58,38,14,0,0,0,57,0
"Puerto Rico","Bayamon",2020,270,262,8,0,0,0,0,66,36,19,125,0,92,53,0
"Puerto Rico","Caguas",2020,318,312,6,0,0,0,0,69,20,10,144,113,0,61,0
"Puerto Rico","Catano",2020,271,219,40,5,6,0,1,336,61,26,0,0,105,99,67
"Puerto Rico","Fajardo",2020,52,46,6,0,0,0,0,80,51,20,0,0,0,52,0
"Puerto Rico","Guayama",2020,34,28,6,0,0,0,0,80,59,23,0,0,0,34,0
"Puerto Rico","Guaynabo",2020,83,73,10,0,0,0,0,72,54,24,1,19,0,63,0
"Puerto Rico","Juncos",2020,348,338,4,5,1,0,0,174,16,9,0,0,348,0,0
"Puerto Rico","Mayagnez",2020,319,287,28,1,1,1,1,396,52,20,0,0,145,174,0
"Puerto Rico","Ponce",2020,360,324,36,0,0,0,0,81,51,22,36,0,0,40,284
"Puerto Rico","San Juan",2020,216,216,0,0,0,0,0,39,32,9,216,0,0,0,0
"Rhode Island","Kent",2020,358,339,18,1,0,0,0,133,47,31,0,0,190,168,0
"Rhode Island","Providence",2020,366,304,60,2,0,0,0,112,54,40,0,14,201,151,0
"Rhode Island","Washington",2020,366,336,28,1,1,0,0,154,49,32,0,0,210,156,0
"South Carolina","Aiken",2020,259,258,1,0,0,0,0,71,44,32,0,0,259,0,0
"South Carolina","Anderson",2020,265,257,8,0,0,0,0,71,46,35,0,0,265,0,0
"South Carolina","Berkeley",2020,220,219,1,0,0,0,0,51,43,31,0,0,220,0,0
"South Carolina","Charleston",2020,366,328,37,1,0,0,0,117,51,35,0,1,137,228,0
"South Carolina","Chesterfield",2020,346,321,25,0,0,0,0,89,49,34,0,0,219,127,0
"South Carolina","Darlington",2020,253,253,0,0,0,0,0,49,42,32,0,0,253,0,0
"South Carolina","Edgefield",2020,366,348,17,1,0,0,0,115,46,33,0,0,228,138,0
"South Carolina","Florence",2020,352,334,18,0,0,0,0,95,42,28,0,0,0,352,0
"South Carolina","Greenville",2020,366,294,71,1,0,0,0,116,55,39,0,1,199,166,0
"South Carolina","Horry",2020,214,214,0,0,0,0,0,50,44,32,0,0,214,0,0
"South Carolina","Lexington",2020,365,333,31,1,0,0,0,111,48,29,0,0,0,349,16
"South Carolina","Richland",2020,366,335,30,1,0,0,0,117,49,35,0,5,238,123,0
"South Carolina","Spartanburg",2020,366,303,61,2,0,0,0,112,54,40,0,0,170,196,0
"South Carolina","York",2020,366,346,20,0,0,0,0,92,47,35,0,0,224,142,0
"South Dakota","Brookings",2020,366,311,55,0,0,0,0,87,55,38,0,0,296,32,38
"South Dakota","Brown",2020,364,333,31,0,0,0,0,75,47,23,0,0,0,211,153
"South Dakota","Codington",2020,366,321,44,1,0,0,0,101,53,36,0,0,198,103,65
"South Dakota","Custer",2020,366,324,40,2,0,0,0,119,54,41,0,0,354,11,1
"South Dakota","Hughes",2020,355,345,10,0,0,0,0,76,30,14,0,0,0,355,0
"South Dakota","Jackson",2020,366,329,37,0,0,0,0,90,51,39,0,0,333,30,3
"South Dakota","Meade",2020,364,342,22,0,0,0,0,84,47,38,0,0,350,0,14
"South Dakota","Minnehaha",2020,366,324,42,0,0,0,0,90,52,35,0,6,253,90,17
"South Dakota","Pennington",2020,366,291,75,0,0,0,0,91,62,31,0,38,0,148,180
"South Dakota","Union",2020,366,324,41,1,0,0,0,141,53,36,0,0,271,67,28
"Tennessee","Anderson",2020,245,238,7,0,0,0,0,64,46,35,0,0,245,0,0
"Tennessee","Blount",2020,366,324,42,0,0,0,0,92,51,38,0,0,290,76,0
"Tennessee","Claiborne",2020,345,343,2,0,0,0,0,51,44,32,0,0,345,0,0
"Tennessee","Davidson",2020,366,283,81,2,0,0,0,116,58,41,0,20,127,219,0
"Tennessee","DeKalb",2020,341,336,5,0,0,0,0,61,44,33,0,0,341,0,0
"Tennessee","Dyer",2020,351,332,18,1,0,0,0,117,42,23,0,0,0,351,0
"Tennessee","Hamilton",2020,365,291,73,0,1,0,0,151,55,40,0,0,163,202,0
"Tennessee","Jefferson",2020,240,232,8,0,0,0,0,74,48,37,0,0,240,0,0
"Tennessee","Knox",2020,366,299,67,0,0,0,0,90,55,38,0,0,165,201,0
"Tennessee","Lawrence",2020,359,347,12,0,0,0,0,72,37,20,0,0,0,359,0
"Tennessee","Loudon",2020,366,337,29,0,0,0,0,97,49,34,0,0,196,170,0
"Tennessee","Madison",2020,354,334,19,1,0,0,0,108,42,25,0,0,0,354,0
"Tennessee","Maury",2020,351,339,12,0,0,0,0,91,42,22,0,0,0,351,0
"Tennessee","McMinn",2020,358,327,31,0,0,0,0,88,47,28,0,0,0,358,0
"Tennessee","Montgomery",2020,359,340,17,2,0,0,0,116,44,26,0,0,0,359,0
"Tennessee","Putnam",2020,359,345,13,1,0,0,0,105,40,23,0,0,0,359,0
"Tennessee","Roane",2020,338,316,22,0,0,0,0,91,46,26,0,0,0,338,0
"Tennessee","Sevier",2020,363,336,26,1,0,0,0,105,49,40,0,0,363,0,0
"Tennessee","Shelby",2020,366,263,102,0,1,0,0,152,61,44,0,2,162,202,0
"Tennessee","Sullivan",2020,366,350,16,0,0,0,0,80,48,34,0,0,220,146,0
"Tennessee","Sumner",2020,360,316,43,1,0,0,0,121,52,37,0,0,193,167,0
"Tennessee","Williamson",2020,241,231,10,0,0,0,0,71,47,37,0,0,241,0,0
"Tennessee","Wilson",2020,245,240,5,0,0,0,0,64,45,33,0,0,245,0,0
"Texas","Atascosa",2020,214,179,34,0,1,0,0,156,60,29,0,0,0,214,0
"Texas","Bell",2020,366,293,72,1,0,0,0,135,61,40,0,0,251,115,0
"Texas","Bexar",2020,366,198,158,9,1,0,0,158,77,49,0,1,179,185,1
"Texas","Bowie",2020,358,270,87,1,0,0,0,127,56,36,0,0,0,358,0
"Texas","Brazoria",2020,365,328,34,2,1,0,0,182,51,33,0,11,354,0,0
"Texas","Brazos",2020,303,263,40,0,0,0,0,99,52,30,0,0,0,303,0
"Texas","Brewster",2020,360,331,29,0,0,0,0,80,50,40,0,0,317,43,0
"Texas","Cameron",2020,366,237,120,6,3,0,0,176,70,43,0,0,103,263,0
"Texas","Collin",2020,365,317,45,2,1,0,0,154,54,37,0,0,365,0,0
"Texas","Culberson",2020,201,129,65,7,0,0,0,112,80,45,0,0,119,82,0
"Texas","Dallas",2020,366,272,88,6,0,0,0,135,67,42,0,29,216,120,1
"Texas","Denton",2020,366,277,81,8,0,0,0,142,71,40,0,4,279,83,0
"Texas","Ector",2020,346,311,35,0,0,0,0,95,51,27,0,0,0,346,0
"Texas","El Paso",2020,366,143,204,17,2,0,0,192,89,55,0,21,194,120,31
"Texas","Ellis",2020,366,299,66,1,0,0,0,125,58,39,0,2,243,121,0
"Texas","Galveston",2020,360,275,82,3,0,0,0,143,63,40,0,2,245,111,2
"Texas","Gregg",2020,363,357,6,0,0,0,0,74,44,31,0,10,353,0,0
"Texas","Harris",2020,366,184,165,15,2,0,0,179,80,50,0,26,142,197,1
"Texas","Harrison",2020,363,322,41,0,0,0,0,100,51,35,0,0,206,157,0
"Texas","Hidalgo",2020,366,270,91,3,2,0,0,155,65,37,0,0,130,234,2
"Texas","Hood",2020,357,330,27,0,0,0,0,100,48,33,0,0,357,0,0
"Texas","Hunt",2020,366,351,15,0,0,0,0,87,45,32,0,2,364,0,0
"Texas","Jefferson",2020,363,269,92,2,0,0,0,122,62,40,0,0,225,138,0
"Texas","Johnson",2020,349,320,27,2,0,0,0,105,50,34,0,0,349,0,0
"Texas","Karnes",2020,363,363,0,0,0,0,0,32,17,6,0,363,0,0,0
"Texas","Kaufman",2020,366,312,53,1,0,0,0,134,56,37,0,3,236,127,0
"Texas","Kleberg",2020,330,240,84,4,2,0,0,168,66,35,0,0,0,330,0
"Texas","Lubbock",2020,352,329,23,0,0,0,0,81,40,20,0,0,0,352,0
"Texas","Maverick",2020,347,292,54,0,1,0,0,160,56,27,0,0,0,347,0
"Texas","McLennan",2020,366,330,36,0,0,0,0,97,50,38,0,0,290,76,0
"Texas","Montgomery",2020,366,281,77,8,0,0,0,129,62,40,0,1,216,149,0
"Texas","Navarro",2020,366,311,53,2,0,0,0,113,53,37,0,4,216,146,0
"Texas","Nueces",2020,366,277,87,0,2,0,0,159,64,40,0,0,196,170,0
"Texas","Orange",2020,362,284,76,2,0,0,0,103,58,39,0,1,185,176,0
"Texas","Parker",2020,362,331,30,1,0,0,0,115,50,35,0,0,362,0,0
"Texas","Polk",2020,360,351,9,0,0,0,0,71,43,31,0,0,360,0,0
"Texas","Potter",2020,341,324,17,0,0,0,0,84,38,20,0,0,0,341,0
"Texas","Randall",2020,357,277,80,0,0,0,0,90,64,42,0,0,357,0,0
"Texas","Rockwall",2020,363,345,17,1,0,0,0,133,45,32,0,0,363,0,0
"Texas","Smith",2020,366,352,14,0,0,0,0,84,46,33,0,3,363,0,0
"Texas","Tarrant",2020,366,238,112,13,3,0,0,159,77,45,0,17,191,158,0
"Texas","Travis",2020,366,260,104,1,1,0,0,153,63,44,0,6,162,197,1
"Texas","Victoria",2020,329,308,21,0,0,0,0,100,47,31,0,0,329,0,0
"Texas","Webb",2020,366,268,95,2,1,0,0,160,65,41,0,0,179,185,2
"Texas","Wilson",2020,365,365,0,0,0,0,0,34,18,7,0,365,0,0,0
"Utah","Box Elder",2020,355,316,36,3,0,0,0,147,51,40,0,27,328,0,0
"Utah","Cache",2020,366,252,105,5,4,0,0,159,71,44,0,0,213,132,21
"Utah","Carbon",2020,350,308,42,0,0,0,0,93,51,43,0,2,348,0,0
"Utah","Davis",2020,366,242,110,13,1,0,0,155,77,44,0,42,219,105,0
"Utah","Duchesne",2020,366,266,95,5,0,0,0,125,64,45,0,0,299,67,0
"Utah","Garfield",2020,365,332,33,0,0,0,0,74,50,42,0,0,363,2,0
"Utah","Iron",2020,366,332,34,0,0,0,0,86,50,40,0,24,311,31,0
"Utah","Salt Lake",2020,366,192,154,18,2,0,0,194,87,50,0,48,194,119,5
"Utah","San Juan",2020,352,306,44,2,0,0,0,108,54,43,0,0,347,5,0
"Utah","Tooele",2020,366,278,83,4,1,0,0,159,67,42,0,2,273,91,0
"Utah","Uintah",2020,366,255,108,3,0,0,0,119,65,45,0,0,316,50,0
"Utah","Utah",2020,366,237,124,5,0,0,0,150,77,45,0,9,254,101,2
"Utah","Washington",2020,366,292,71,3,0,0,0,112,61,44,0,0,340,26,0
"Utah","Wayne",2020,116,113,3,0,0,0,0,66,28,8,0,0,0,116,0
"Utah","Weber",2020,366,258,102,6,0,0,0,140,71,44,0,48,238,72,8
"Vermont","Bennington",2020,366,348,18,0,0,0,0,70,45,35,0,0,308,58,0
"Vermont","Chittenden",2020,366,336,30,0,0,0,0,98,47,36,0,0,282,84,0
"Vermont","Rutland",2020,366,329,37,0,0,0,0,96,51,37,0,0,250,116,0
"Vermont","Windham",2020,113,113,0,0,0,0,0,31,19,9,0,0,0,113,0
"Virgin Islands","St Croix",2020,59,53,6,0,0,0,0,82,52,19,0,0,0,59,0
"Virgin Islands","St John",2020,111,102,9,0,0,0,0,82,47,16,0,0,0,111,0
"Virgin Islands","St Thomas",2020,75,65,10,0,0,0,0,72,56,23,0,0,0,75,0
"Virginia","Albemarle",2020,363,347,16,0,0,0,0,66,47,35,0,0,183,180,0
"Virginia","Arlington",2020,366,343,23,0,0,0,0,90,46,33,1,44,293,28,0
"Virginia","Bristol City",2020,116,112,4,0,0,0,0,55,43,24,0,0,0,116,0
"Virginia","Caroline",2020,235,232,3,0,0,0,0,64,45,34,0,0,235,0,0
"Virginia","Carroll",2020,56,56,0,0,0,0,0,15,12,7,0,0,0,0,56
"Virginia","Charles",2020,364,361,3,0,0,0,0,67,44,31,0,90,223,51,0
"Virginia","Chesterfield",2020,279,277,2,0,0,0,0,61,44,32,0,0,220,59,0
"Virginia","Fairfax",2020,366,313,53,0,0,0,0,100,54,38,0,27,175,164,0
"Virginia","Fauquier",2020,242,241,1,0,0,0,0,61,42,31,0,0,242,0,0
"Virginia","Frederick",2020,304,286,18,0,0,0,0,78,45,35,0,0,183,121,0
"Virginia","Giles",2020,342,337,5,0,0,0,0,67,45,36,0,0,342,0,0
"Virginia","Hampton City",2020,366,353,13,0,0,0,0,64,45,34,4,8,202,152,0
"Virginia","Hanover",2020,245,243,2,0,0,0,0,64,45,34,0,0,245,0,0
"Virginia","Henrico",2020,366,338,28,0,0,0,0,71,48,36,1,2,228,135,0
"Virginia","Hopewell City",2020,48,48,0,0,0,0,0,15,13,6,0,0,0,0,48
"Virginia","Loudoun",2020,366,353,12,1,0,0,0,108,45,33,0,25,309,32,0
"Virginia","Lynchburg City",2020,110,109,1,0,0,0,0,54,38,21,0,0,0,110,0
"Virginia","Madison",2020,363,361,2,0,0,0,0,54,45,37,0,0,349,14,0
"Virginia","Norfolk City",2020,365,362,3,0,0,0,0,60,31,17,11,266,0,87,1
"Virginia","Prince Edward",2020,361,361,0,0,0,0,0,49,42,30,0,0,361,0,0
"Virginia","Prince William",2020,364,357,7,0,0,0,0,74,44,32,0,1,363,0,0
"Virginia","Richmond City",2020,364,345,19,0,0,0,0,77,44,29,1,107,0,256,0
"Virginia","Roanoke",2020,366,338,28,0,0,0,0,69,48,35,0,9,182,175,0
"Virginia","Rockbridge",2020,284,284,0,0,0,0,0,49,42,30,0,0,235,49,0
"Virginia","Rockingham",2020,363,356,7,0,0,0,0,74,44,32,0,100,226,37,0
"Virginia","Salem City",2020,110,106,4,0,0,0,0,66,42,23,0,0,0,110,0
"Virginia","Stafford",2020,362,357,5,0,0,0,0,84,44,32,0,0,360,0,2
"Virginia","Suffolk City",2020,244,241,3,0,0,0,0,67,44,36,0,0,244,0,0
"Virginia","Virginia Beach City",2020,109,103,6,0,0,0,0,71,45,23,0,0,0,109,0
"Virginia","Winchester City",2020,58,58,0,0,0,0,0,18,12,6,0,0,0,0,58
"Virginia","Wythe",2020,235,233,2,0,0,0,0,61,45,34,0,0,235,0,0
"Washington","Adams",2020,364,354,2,0,6,2,0,241,33,13,0,0,0,364,0
"Washington","Asotin",2020,350,263,78,2,5,2,0,289,62,29,0,0,0,350,0
"Washington","Benton",2020,365,317,36,3,3,1,5,908,54,33,0,0,114,179,72
"Washington","Chelan",2020,366,311,43,1,7,2,2,489,54,21,0,0,0,366,0
"Washington","Clallam",2020,366,335,24,1,1,4,1,309,47,33,0,0,229,137,0
"Washington","Clark",2020,366,312,45,1,1,2,5,509,58,27,0,0,66,300,0
"Washington","Columbia",2020,365,349,8,0,6,2,0,233,41,18,0,0,27,338,0
"Washington","Cowlitz",2020,366,348,9,1,5,3,0,257,38,16,0,0,0,366,0
"Washington","Franklin",2020,336,321,7,0,5,3,0,260,34,14,0,0,0,336,0
"Washington","Garfield",2020,335,316,10,2,5,2,0,228,36,15,0,0,0,335,0
"Washington","Grant",2020,366,346,10,2,4,4,0,283,39,16,0,0,0,366,0
"Washington","Grays Harbor",2020,366,346,12,1,2,5,0,218,38,20,0,0,0,366,0
"Washington","Jefferson",2020,340,329,3,2,5,1,0,208,33,18,0,0,0,340,0
"Washington","King",2020,366,297,57,3,4,5,0,275,62,36,0,53,152,161,0
"Washington","Kitsap",2020,361,340,12,3,3,3,0,221,38,18,0,0,0,361,0
"Washington","Kittitas",2020,365,320,34,2,3,3,3,459,54,18,0,0,0,365,0
"Washington","Klickitat",2020,318,302,7,0,2,1,6,669,39,17,0,0,0,318,0
"Washington","Lewis",2020,335,324,10,0,0,1,0,233,34,19,0,0,0,335,0
"Washington","Mason",2020,357,330,18,2,2,4,1,324,41,18,0,0,0,357,0
"Washington","Okanogan",2020,366,240,113,1,6,4,2,423,71,35,0,0,0,366,0
"Washington","Pend Oreille",2020,20,18,2,0,0,0,0,59,53,35,0,0,0,20,0
"Washington","Pierce",2020,366,294,61,4,3,4,0,231,62,40,0,11,249,106,0
"Washington","Skagit",2020,272,269,3,0,0,0,0,52,31,16,0,0,17,255,0
"Washington","Snohomish",2020,366,292,64,3,6,1,0,225,64,30,0,0,0,366,0
"Washington","Spokane",2020,366,323,36,0,2,1,4,479,52,33,0,0,119,215,32
"Washington","Stevens",2020,366,269,88,1,4,0,4,536,63,32,0,0,0,329,37
"Washington","Thurston",2020,366,340,19,0,4,3,0,217,44,25,0,0,126,240,0
"Washington","Walla Walla",2020,366,330,27,0,2,1,6,819,50,22,0,0,0,143,223
"Washington","Whatcom",2020,366,353,4,2,6,1,0,212,39,21,0,0,128,238,0
"Washington","Whitman",2020,366,352,6,1,6,1,0,212,35,15,0,0,0,366,0
"Washington","Yakima",2020,366,248,103,6,2,3,4,465,76,35,0,0,0,365,1
"West Virginia","Berkeley",2020,278,261,17,0,0,0,0,95,48,36,0,0,227,51,0
"West Virginia","Brooke",2020,366,342,24,0,0,0,0,75,40,17,0,0,0,121,245
"West Virginia","Cabell",2020,284,270,14,0,0,0,0,100,47,36,0,0,225,59,0
"West Virginia","Gilmer",2020,363,363,0,0,0,0,0,49,41,29,0,0,363,0,0
"West Virginia","Greenbrier",2020,234,232,2,0,0,0,0,54,44,34,0,0,234,0,0
"West Virginia","Hancock",2020,307,276,30,1,0,0,0,133,51,36,0,0,213,49,45
"West Virginia","Harrison",2020,118,110,8,0,0,0,0,78,43,26,0,0,0,118,0
"West Virginia","Kanawha",2020,366,342,24,0,0,0,0,84,48,37,0,0,246,120,0
"West Virginia","Marion",2020,74,69,5,0,0,0,0,67,47,26,0,0,0,74,0
"West Virginia","Marshall",2020,118,106,12,0,0,0,0,68,51,31,0,0,0,118,0
"West Virginia","Monongalia",2020,274,260,14,0,0,0,0,90,47,37,0,0,225,49,0
"West Virginia","Ohio",2020,274,244,29,1,0,0,0,101,51,38,0,0,223,51,0
"West Virginia","Tucker",2020,359,357,2,0,0,0,0,51,44,33,0,0,353,6,0
"West Virginia","Wood",2020,283,264,19,0,0,0,0,80,47,35,0,0,227,56,0
"Wisconsin","Ashland",2020,366,354,12,0,0,0,0,71,43,32,0,0,295,71,0
"Wisconsin","Brown",2020,366,312,53,1,0,0,0,119,55,35,0,0,168,198,0
"Wisconsin","Columbia",2020,203,187,12,4,0,0,0,115,48,38,0,0,203,0,0
"Wisconsin","Dane",2020,366,286,78,2,0,0,0,112,59,39,0,0,147,219,0
"Wisconsin","Dodge",2020,366,297,67,2,0,0,0,136,56,38,0,0,231,133,2
"Wisconsin","Door",2020,205,184,17,4,0,0,0,150,51,36,0,0,205,0,0
"Wisconsin","Eau Claire",2020,366,312,54,0,0,0,0,93,54,37,0,0,171,194,1
"Wisconsin","Fond du Lac",2020,205,194,9,2,0,0,0,115,46,36,0,0,205,0,0
"Wisconsin","Forest",2020,366,338,28,0,0,0,0,93,47,35,0,0,280,86,0
"Wisconsin","Grant",2020,361,305,56,0,0,0,0,82,55,30,0,0,0,361,0
"Wisconsin","Jefferson",2020,210,189,17,4,0,0,0,136,51,38,0,0,210,0,0
"Wisconsin","Kenosha",2020,361,279,71,10,1,0,0,197,67,40,0,0,214,147,0
"Wisconsin","Kewaunee",2020,207,195,12,0,0,0,0,97,47,34,0,0,207,0,0
"Wisconsin","La Crosse",2020,364,304,60,0,0,0,0,93,54,37,0,0,168,196,0
"Wisconsin","Manitowoc",2020,192,169,19,4,0,0,0,136,58,36,0,0,192,0,0
"Wisconsin","Marathon",2020,199,193,6,0,0,0,0,74,45,31,0,0,199,0,0
"Wisconsin","Milwaukee",2020,366,268,93,4,1,0,0,169,67,40,0,17,191,157,1
"Wisconsin","Outagamie",2020,366,307,57,2,0,0,0,126,56,36,0,0,174,192,0
"Wisconsin","Ozaukee",2020,365,303,57,4,1,0,0,164,59,35,0,0,192,173,0
"Wisconsin","Racine",2020,199,162,29,7,1,0,0,172,67,38,0,0,199,0,0
"Wisconsin","Rock",2020,210,192,15,3,0,0,0,105,49,38,0,0,210,0,0
"Wisconsin","Sauk",2020,366,314,51,1,0,0,0,112,54,36,0,0,164,201,1
"Wisconsin","Sheboygan",2020,207,170,31,4,2,0,0,159,74,39,0,0,207,0,0
"Wisconsin","Taylor",2020,366,336,30,0,0,0,0,78,49,35,0,0,272,94,0
"Wisconsin","Vilas",2020,366,351,15,0,0,0,0,84,46,30,0,0,188,178,0
"Wisconsin","Walworth",2020,198,180,14,4,0,0,0,136,50,39,0,0,198,0,0
"Wisconsin","Waukesha",2020,359,274,83,2,0,0,0,129,60,39,0,0,144,214,1
"Wyoming","Albany",2020,366,253,104,7,2,0,0,177,71,46,0,0,288,9,69
"Wyoming","Big Horn",2020,359,349,8,2,0,0,0,126,46,38,0,0,359,0,0
"Wyoming","Campbell",2020,366,247,116,3,0,0,0,124,68,44,0,1,198,1,166
"Wyoming","Carbon",2020,304,304,0,0,0,0,0,31,21,8,0,304,0,0,0
"Wyoming","Converse",2020,366,304,58,4,0,0,0,129,60,42,0,0,271,14,81
"Wyoming","Fremont",2020,366,296,64,5,1,0,0,158,58,45,0,0,332,30,4
"Wyoming","Johnson",2020,364,337,27,0,0,0,0,93,50,40,0,2,355,0,7
"Wyoming","Laramie",2020,366,322,39,3,2,0,0,157,54,39,0,4,297,38,27
"Wyoming","Lincoln",2020,366,357,9,0,0,0,0,71,34,15,0,0,0,0,366
"Wyoming","Natrona",2020,366,321,41,4,0,0,0,124,52,41,0,5,346,15,0
"Wyoming","Park",2020,122,115,5,2,0,0,0,113,30,11,0,0,0,106,16
"Wyoming","Platte",2020,224,202,20,1,0,1,0,283,50,19,0,0,0,0,224
"Wyoming","Sheridan",2020,366,344,22,0,0,0,0,100,47,39,0,0,342,22,2
"Wyoming","Sublette",2020,366,297,64,4,1,0,0,151,61,44,0,0,355,11,0
"Wyoming","Sweetwater",2020,366,238,116,7,4,0,1,1250,76,46,0,5,253,7,101
"Wyoming","Teton",2020,366,318,36,7,5,0,0,161,54,42,0,0,329,37,0
"Wyoming","Uinta",2020,366,323,41,2,0,0,0,122,51,40,0,2,225,0,139
"Wyoming","Weston",2020,353,323,29,1,0,0,0,119,49,40,0,0,353,0,0
