"town","year","call_reason","self","disp","avg_hours_per_call","totalCalls","totalHours"
"Leverett",2018-01-01,"209A SERVICE",2,1,0.187666666666667,3,0.563
"Leverett",2018-01-01,"209A VIOLATION",0,1,0.731,1,0.731
"Leverett",2018-01-01,"ABANDONED 911 CALL",0,6,0.213666666666667,6,1.282
"Leverett",2018-01-01,"911 CALL",0,17,0.225333333333333,17,3.83066666666667
"Leverett",2018-01-01,"911 HANG UP",0,3,0.186333333333333,3,0.559
"Leverett",2018-01-01,"911 MIS DIAL",0,6,0.287666666666667,6,1.726
"Leverett",2018-01-01,"ABANDONED MV",1,1,0.0458333333333333,2,0.0916666666666667
"Leverett",2018-01-01,"ADMINISTRATIVE",51,2,0.932,53,49.396
"Leverett",2018-01-01,"ALARM BURGLAR OR HOLDUP",3,50,0.280666666666667,53,14.8753333333333
"Leverett",2018-01-01,"EMS ALARM - LIFELINE ACTIVATED",0,9,0.312833333333333,9,2.8155
"Leverett",2018-01-01,"FIRE ALARM",0,16,0.464,16,7.424
"Leverett",2018-01-01,"ANIMAL COMPLAINT",2,31,0.321333333333333,33,10.604
"Leverett",2018-01-01,"ASSIST CITIZEN",4,1,1.055,5,5.275
"Leverett",2018-01-01,"ASSIST OTHER AGENCY",7,2,0.802666666666667,9,7.224
"Leverett",2018-01-01,"ASSAULT",0,1,2.56383333333333,1,2.56383333333333
"Leverett",2018-01-01,"ARTICLES RECOVERED",0,6,0.1225,6,0.735
"Leverett",2018-01-01,"BREAKING & ENTERING AUTO",0,1,0,1,0
"Leverett",2018-01-01,"BREAKING AND ENTERING",0,1,0.308166666666667,1,0.308166666666667
"Leverett",2018-01-01,"BREAKING & ENTERING PAST",1,2,0.601666666666667,3,1.805
"Leverett",2018-01-01,"BE ON THE LOOK OUT",0,1,0.104333333333333,1,0.104333333333333
"Leverett",2018-01-01,"BUILDING/LOCATION CHECK",136,5,0.2975,141,41.9475
"Leverett",2018-01-01,"CHIMNEY FIRE",0,4,0.726666666666667,4,2.90666666666667
"Leverett",2018-01-01,"CHECK WELFARE",3,11,0.3405,14,4.767
"Leverett",2018-01-01,"Civil Issue",1,0,0.0121666666666667,1,0.0121666666666667
"Leverett",2018-01-01,"CRUISER MAINTENANCE",15,0,0.599666666666667,15,8.995
"Leverett",2018-01-01,"CARBON MONOXIDE HAZARD",0,5,0.417833333333333,5,2.08916666666667
"Leverett",2018-01-01,"COMMUNITY POLICING",18,0,0.785666666666667,18,14.142
"Leverett",2018-01-01,"COMPLAINT",1,2,0.567166666666667,3,1.7015
"Leverett",2018-01-01,"COURT",2,0,1.15016666666667,2,2.30033333333333
"Leverett",2018-01-01,"Car vs. Deer",0,5,0.739333333333333,5,3.69666666666667
"Leverett",2018-01-01,"DISTURBANCE",0,2,1.1275,2,2.255
"Leverett",2018-01-01,"DISABLED MV",19,10,0.441333333333333,29,12.7986666666667
"Leverett",2018-01-01,"Drill/Testing",4,0,1.19833333333333,4,4.79333333333333
"Leverett",2018-01-01,"ESCORT/TRANSPORT",1,0,0.386333333333333,1,0.386333333333333
"Leverett",2018-01-01,"FIREARMS LICENSING",7,0,0.736166666666667,7,5.15316666666667
"Leverett",2018-01-01,"BRUSH FIRE",0,1,0.6585,1,0.6585
"Leverett",2018-01-01,"FIRE, OTHER NON-SPECIFIC",0,4,0.6055,4,2.422
"Leverett",2018-01-01,"VEHICLE FIRE",0,1,0.998333333333333,1,0.998333333333333
"Leverett",2018-01-01,"FIRE WORKS",0,1,0,1,0
"Leverett",2018-01-01,"FOLLOW UP INVESTIGATION",10,2,1.21,12,14.52
"Leverett",2018-01-01,"FRAUD/SCAM",1,3,0.355,4,1.42
"Leverett",2018-01-01,"GAS LEAK",0,1,0.534666666666667,1,0.534666666666667
"Leverett",2018-01-01,"GENERAL INFO",0,3,0,3,0
"Leverett",2018-01-01,"HARASSMENT",1,0,0.125,1,0.125
"Leverett",2018-01-01,"ILLEGAL BURN",0,3,0.336666666666667,3,1.01
"Leverett",2018-01-01,"INVESTIGATION",16,1,0.279,17,4.743
"Leverett",2018-01-01,"LARCENY",0,2,0.275333333333333,2,0.550666666666667
"Leverett",2018-01-01,"LINE DOWN, POWER,PHONE OR CABL",2,6,0.791,8,6.328
"Leverett",2018-01-01,"LOCKOUT",1,1,0.229166666666667,2,0.458333333333333
"Leverett",2018-01-01,"MEDICAL EMERGENCY",0,85,0.487333333333333,85,41.4233333333333
"Leverett",2018-01-01,"MISCELLANEOUS",3,5,0.2225,8,1.78
"Leverett",2018-01-01,"MOTOR VEHICLE ACCIDENT NO INJU",3,37,0.649166666666667,40,25.9666666666667
"Leverett",2018-01-01,"MOTOR VEHICLE COMPLAINT",1,21,0.342333333333333,22,7.53133333333333
"Leverett",2018-01-01,"MOTOR VEHICLE ACCIDE W/INJURY",0,3,1.83233333333333,3,5.497
"Leverett",2018-01-01,"MOTOR VEHICLE - STOLEN",0,2,0.585,2,1.17
"Leverett",2018-01-01,"MOTOR VEHICLE VIOLATION",559,3,0.163,562,91.606
"Leverett",2018-01-01,"NOISE COMPLAINT",0,1,0,1,0
"Leverett",2018-01-01,"NOTIFICATION",0,5,0.855166666666667,5,4.27583333333333
"Leverett",2018-01-01,"ODOR INVESTIGATION",0,3,0.464333333333333,3,1.393
"Leverett",2018-01-01,"OFFICER WANTED",1,10,0.980333333333333,11,10.7836666666667
"Leverett",2018-01-01,"PAPERWORK SERVICE",37,1,0.122833333333333,38,4.66766666666667
"Leverett",2018-01-01,"ANNOYING PHONE CALLS",0,2,0.388833333333333,2,0.777666666666667
"Leverett",2018-01-01,"PATROL AREA",104,0,0.135666666666667,104,14.1093333333333
"Leverett",2018-01-01,"RADAR/TRAFFIC ENFORCEMENT",265,1,0.466833333333333,266,124.177666666667
"Leverett",2018-01-01,"ROLLING 9",13,4,0.170166666666667,17,2.89283333333333
"Leverett",2018-01-01,"ROLLING Q2-1",1,0,0.127833333333333,1,0.127833333333333
"Leverett",2018-01-01,"SAFETY HAZARD",5,15,0.641833333333333,20,12.8366666666667
"Leverett",2018-01-01,"Section 12",0,1,0.598833333333333,1,0.598833333333333
"Leverett",2018-01-01,"SERVICE CALL",3,3,0.862166666666667,6,5.173
"Leverett",2018-01-01,"SHOPLIFTING",0,1,0.727333333333333,1,0.727333333333333
"Leverett",2018-01-01,"SHOTS FIRED",0,4,0.4045,4,1.618
"Leverett",2018-01-01,"SMOKE INVESTIGATION",0,2,0.729166666666667,2,1.45833333333333
"Leverett",2018-01-01,"SUSPICIOUS PERSON",1,6,0.503333333333333,7,3.52333333333333
"Leverett",2018-01-01,"SUSPICIOUS ACTIVITY",0,2,0.242166666666667,2,0.484333333333333
"Leverett",2018-01-01,"SUSPICIOUS VEHICLE",8,3,0.413333333333333,11,4.54666666666667
"Leverett",2018-01-01,"THREAT",0,2,1.2175,2,2.435
"Leverett",2018-01-01,"TRAFFIC HAZARD",5,14,0.665333333333333,19,12.6413333333333
"Leverett",2018-01-01,"TRAFFIC CONTROL",6,0,0.4285,6,2.571
"Leverett",2018-01-01,"TRESPASS",0,1,0.300833333333333,1,0.300833333333333
"Leverett",2018-01-01,"UNWANTED PERSON",1,1,0.287,2,0.574
"Leverett",2018-01-01,"VANDALISM",3,1,0.168,4,0.672
"Leverett",2018-01-01,"SERVE WARRANT",0,1,1.02016666666667,1,1.02016666666667
"Leverett",2019-01-01,"209A SERVICE",0,1,0.107166666666667,1,0.107166666666667
"Leverett",2019-01-01,"ABANDONED 911 CALL",0,3,0.314166666666667,3,0.9425
"Leverett",2019-01-01,"911 CALL",0,24,0.289333333333333,24,6.944
"Leverett",2019-01-01,"911 HANG UP",0,6,0.424333333333333,6,2.546
"Leverett",2019-01-01,"911 MIS DIAL",0,3,0.195166666666667,3,0.5855
"Leverett",2019-01-01,"911 Text to 911",0,1,0,1,0
"Leverett",2019-01-01,"ADMINISTRATIVE",296,0,0.9785,296,289.636
"Leverett",2019-01-01,"ALARM BURGLAR OR HOLDUP",0,63,0.269833333333333,63,16.9995
"Leverett",2019-01-01,"EMS ALARM - LIFELINE ACTIVATED",0,4,0.308666666666667,4,1.23466666666667
"Leverett",2019-01-01,"FIRE ALARM",0,13,0.325333333333333,13,4.22933333333333
"Leverett",2019-01-01,"ANIMAL COMPLAINT",10,21,0.3975,31,12.3225
"Leverett",2019-01-01,"ASSIST CITIZEN",18,4,0.223333333333333,22,4.91333333333333
"Leverett",2019-01-01,"ASSIST OTHER AGENCY",5,5,0.499833333333333,10,4.99833333333333
"Leverett",2019-01-01,"ARTICLES LOST",1,3,0.0563333333333333,4,0.225333333333333
"Leverett",2019-01-01,"ARTICLES RECOVERED",10,1,0.3475,11,3.8225
"Leverett",2019-01-01,"BREAKING & ENTERING PAST",1,1,0.5705,2,1.141
"Leverett",2019-01-01,"BE ON THE LOOK OUT",1,0,0.0595,1,0.0595
"Leverett",2019-01-01,"BUILDING/LOCATION CHECK",595,7,0.194,602,116.788
"Leverett",2019-01-01,"CHIMNEY FIRE",0,2,0.4125,2,0.825
"Leverett",2019-01-01,"CHECK WELFARE",3,21,0.423333333333333,24,10.16
"Leverett",2019-01-01,"CRUISER MAINTENANCE",74,2,0.491833333333333,76,37.3793333333333
"Leverett",2019-01-01,"CARBON MONOXIDE HAZARD",0,7,0.308,7,2.156
"Leverett",2019-01-01,"COMMUNITY POLICING",39,0,0.4795,39,18.7005
"Leverett",2019-01-01,"COMPLAINT",1,5,0.239666666666667,6,1.438
"Leverett",2019-01-01,"COURT",4,0,1.14833333333333,4,4.59333333333333
"Leverett",2019-01-01,"Car vs. Deer",2,9,0.352,11,3.872
"Leverett",2019-01-01,"DEATH",1,0,0.0995,1,0.0995
"Leverett",2019-01-01,"DISTURBANCE",0,6,0.555333333333333,6,3.332
"Leverett",2019-01-01,"DISABLED MV",14,9,0.5345,23,12.2935
"Leverett",2019-01-01,"DOMESTIC",0,1,4.141,1,4.141
"Leverett",2019-01-01,"Drill/Testing",5,1,1.135,6,6.81
"Leverett",2019-01-01,"DETAIL REQUEST",0,2,0,2,0
"Leverett",2019-01-01,"FIREARMS LICENSING",60,0,0.496666666666667,60,29.8
"Leverett",2019-01-01,"BRUSH FIRE",0,2,1.04816666666667,2,2.09633333333333
"Leverett",2019-01-01,"FIRE, OTHER NON-SPECIFIC",0,2,1.65833333333333,2,3.31666666666667
"Leverett",2019-01-01,"FIRE WORKS",0,1,0,1,0
"Leverett",2019-01-01,"FOLLOW UP INVESTIGATION",20,1,0.262666666666667,21,5.516
"Leverett",2019-01-01,"FRAUD/SCAM",1,2,0.3985,3,1.1955
"Leverett",2019-01-01,"GAS LEAK",0,1,0,1,0
"Leverett",2019-01-01,"GENERAL INFO",0,10,0,10,0
"Leverett",2019-01-01,"ILLEGAL BURN",0,1,0.47,1,0.47
"Leverett",2019-01-01,"ILLEGAL DUMPING",2,0,0.0746666666666667,2,0.149333333333333
"Leverett",2019-01-01,"INVESTIGATION",1,2,1.35366666666667,3,4.061
"Leverett",2019-01-01,"LARCENY",2,4,0.8025,6,4.815
"Leverett",2019-01-01,"LINE DOWN, POWER,PHONE OR CABL",1,19,1.21266666666667,20,24.2533333333333
"Leverett",2019-01-01,"LOCKOUT",2,1,0.2635,3,0.7905
"Leverett",2019-01-01,"MEDICAL EMERGENCY",0,66,0.627333333333333,66,41.404
"Leverett",2019-01-01,"MISSING PERSON",0,1,0.399,1,0.399
"Leverett",2019-01-01,"MISCELLANEOUS",24,4,0.130833333333333,28,3.66333333333333
"Leverett",2019-01-01,"MOTOR VEHICLE ACCIDENT NO INJU",5,21,0.822666666666667,26,21.3893333333333
"Leverett",2019-01-01,"MOTOR VEHICLE COMPLAINT",4,9,0.131166666666667,13,1.70516666666667
"Leverett",2019-01-01,"MOTOR VEHICLE ACCIDE W/INJURY",0,2,1.15666666666667,2,2.31333333333333
"Leverett",2019-01-01,"MOTOR VEHICLE - STOLEN",0,1,0,1,0
"Leverett",2019-01-01,"MOTOR VEHICLE VIOLATION",919,2,0.215166666666667,921,198.1685
"Leverett",2019-01-01,"NOISE COMPLAINT",0,1,0,1,0
"Leverett",2019-01-01,"NOTIFICATION",2,8,0.218666666666667,10,2.18666666666667
"Leverett",2019-01-01,"ODOR INVESTIGATION",0,1,0,1,0
"Leverett",2019-01-01,"OFFICER WANTED",2,17,0.506833333333333,19,9.62983333333333
"Leverett",2019-01-01,"PAPERWORK SERVICE",71,0,0.08,71,5.68
"Leverett",2019-01-01,"PATROL AREA",267,0,0.0843333333333333,267,22.517
"Leverett",2019-01-01,"POWER OUTAGE/FAILURE",0,1,0,1,0
"Leverett",2019-01-01,"RADAR/TRAFFIC ENFORCEMENT",920,0,0.508,920,467.36
"Leverett",2019-01-01,"ROLLING 9",4,1,0.0516666666666667,5,0.258333333333333
"Leverett",2019-01-01,"SAFETY HAZARD",4,17,0.4745,21,9.9645
"Leverett",2019-01-01,"SERVICE CALL",2,6,0.337166666666667,8,2.69733333333333
"Leverett",2019-01-01,"SHOTS FIRED",0,1,0.144833333333333,1,0.144833333333333
"Leverett",2019-01-01,"SUMMONS SERVICE",1,0,0.1125,1,0.1125
"Leverett",2019-01-01,"SUSPICIOUS PERSON",1,2,0.39,3,1.17
"Leverett",2019-01-01,"SUSPICIOUS ACTIVITY",2,1,0.158833333333333,3,0.4765
"Leverett",2019-01-01,"SUSPICIOUS VEHICLE",2,6,0.696666666666667,8,5.57333333333333
"Leverett",2019-01-01,"THREAT",0,1,0.548166666666667,1,0.548166666666667
"Leverett",2019-01-01,"TRAFFIC HAZARD",5,24,0.439,29,12.731
"Leverett",2019-01-01,"TRAFFIC CONTROL",69,0,0.444,69,30.636
"Leverett",2019-01-01,"TRESPASS",0,3,0.278833333333333,3,0.8365
"Leverett",2019-01-01,"UNWANTED PERSON",1,4,0.9375,5,4.6875
"Leverett",2019-01-01,"SERVE WARRANT",3,0,0.347666666666667,3,1.043
"Leverett",2020-01-01,"209A SERVICE",1,1,0.435,2,0.87
"Leverett",2020-01-01,"ABANDONED 911 CALL",0,7,0.445833333333333,7,3.12083333333333
"Leverett",2020-01-01,"911 CALL",0,18,0.3135,18,5.643
"Leverett",2020-01-01,"911 HANG UP",0,4,0.323666666666667,4,1.29466666666667
"Leverett",2020-01-01,"911 MIS DIAL",0,12,0.159,12,1.908
"Leverett",2020-01-01,"ABANDONED MV",1,2,0.610166666666667,3,1.8305
"Leverett",2020-01-01,"ADMINISTRATIVE",89,1,1.23916666666667,90,111.525
"Leverett",2020-01-01,"ALARM BURGLAR OR HOLDUP",0,25,0.2305,25,5.7625
"Leverett",2020-01-01,"EMS ALARM - LIFELINE ACTIVATED",0,5,0.152,5,0.76
"Leverett",2020-01-01,"FIRE ALARM",0,6,0.629833333333333,6,3.779
"Leverett",2020-01-01,"ANIMAL COMPLAINT",15,48,0.479666666666667,63,30.219
"Leverett",2020-01-01,"ASSIST CITIZEN",25,16,0.364333333333333,41,14.9376666666667
"Leverett",2020-01-01,"ASSIST OTHER AGENCY",8,8,0.414833333333333,16,6.63733333333333
"Leverett",2020-01-01,"ARTICLES LOST",1,0,0.0878333333333333,1,0.0878333333333333
"Leverett",2020-01-01,"ARTICLES RECOVERED",4,2,0.1745,6,1.047
"Leverett",2020-01-01,"BUILDING/LOCATION CHECK",536,7,0.0465,543,25.2495
"Leverett",2020-01-01,"CHECK WELFARE",5,15,0.5315,20,10.63
"Leverett",2020-01-01,"Civil Issue",1,1,0.538333333333333,2,1.07666666666667
"Leverett",2020-01-01,"CRUISER MAINTENANCE",146,4,0.2095,150,31.425
"Leverett",2020-01-01,"CARBON MONOXIDE HAZARD",0,4,0.625833333333333,4,2.50333333333333
"Leverett",2020-01-01,"COMMUNITY POLICING",65,3,0.321333333333333,68,21.8506666666667
"Leverett",2020-01-01,"COMPLAINT",2,13,0.6915,15,10.3725
"Leverett",2020-01-01,"COURT",3,0,0.757166666666667,3,2.2715
"Leverett",2020-01-01,"Car vs. Deer",1,10,0.355666666666667,11,3.91233333333333
"Leverett",2020-01-01,"DISTURBANCE",1,1,1.1125,2,2.225
"Leverett",2020-01-01,"DISABLED MV",12,2,0.582,14,8.148
"Leverett",2020-01-01,"DOMESTIC",0,1,2.30916666666667,1,2.30916666666667
"Leverett",2020-01-01,"DETAIL REQUEST",0,5,0.737166666666667,5,3.68583333333333
"Leverett",2020-01-01,"ESCORT/TRANSPORT",2,1,0.527666666666667,3,1.583
"Leverett",2020-01-01,"FIREARMS LICENSING",33,4,0.627,37,23.199
"Leverett",2020-01-01,"BRUSH FIRE",0,1,3.1405,1,3.1405
"Leverett",2020-01-01,"STRUCTURE FIRE",0,1,4.05883333333333,1,4.05883333333333
"Leverett",2020-01-01,"FIRE, OTHER NON-SPECIFIC",1,3,1.30683333333333,4,5.22733333333333
"Leverett",2020-01-01,"VEHICLE FIRE",0,1,0,1,0
"Leverett",2020-01-01,"FIRE WORKS",0,3,0.2275,3,0.6825
"Leverett",2020-01-01,"FOLLOW UP INVESTIGATION",17,1,0.509166666666667,18,9.165
"Leverett",2020-01-01,"FRAUD/SCAM",6,15,0.5565,21,11.6865
"Leverett",2020-01-01,"GAS LEAK",0,2,0.527166666666667,2,1.05433333333333
"Leverett",2020-01-01,"GENERAL INFO",1,21,0,22,0
"Leverett",2020-01-01,"HARASSMENT",0,3,0.445666666666667,3,1.337
"Leverett",2020-01-01,"INVESTIGATION",8,5,0.436,13,5.668
"Leverett",2020-01-01,"KEEP THE PEACE",3,1,0.572166666666667,4,2.28866666666667
"Leverett",2020-01-01,"LARCENY",3,3,0.482833333333333,6,2.897
"Leverett",2020-01-01,"LINE DOWN, POWER,PHONE OR CABL",2,30,0.704666666666667,32,22.5493333333333
"Leverett",2020-01-01,"LOCKOUT",0,1,0.332166666666667,1,0.332166666666667
"Leverett",2020-01-01,"MEDICAL EMERGENCY",2,67,0.546666666666667,69,37.72
"Leverett",2020-01-01,"MISSING PERSON",1,0,0.6025,1,0.6025
"Leverett",2020-01-01,"MISCELLANEOUS",42,6,0.261166666666667,48,12.536
"Leverett",2020-01-01,"MOTOR VEHICLE ACCIDENT NO INJU",2,17,1.064,19,20.216
"Leverett",2020-01-01,"MOTOR VEHICLE COMPLAINT",3,14,1.15733333333333,17,19.6746666666667
"Leverett",2020-01-01,"MOTOR VEHICLE ACCIDE W/INJURY",0,5,1.20366666666667,5,6.01833333333333
"Leverett",2020-01-01,"MOTOR VEHICLE VIOLATION",732,8,0.194166666666667,740,143.683333333333
"Leverett",2020-01-01,"NOISE COMPLAINT",3,3,0.3305,6,1.983
"Leverett",2020-01-01,"NOTIFICATION",0,3,0.255833333333333,3,0.7675
"Leverett",2020-01-01,"ODOR INVESTIGATION",0,4,0.737333333333333,4,2.94933333333333
"Leverett",2020-01-01,"OFFICER WANTED",1,13,0.8185,14,11.459
"Leverett",2020-01-01,"PAPERWORK SERVICE",60,3,0.0926666666666667,63,5.838
"Leverett",2020-01-01,"PATROL AREA",157,0,0.079,157,12.403
"Leverett",2020-01-01,"RADAR/TRAFFIC ENFORCEMENT",435,2,0.551333333333333,437,240.932666666667
"Leverett",2020-01-01,"REPOSSESSION",0,1,0,1,0
"Leverett",2020-01-01,"RESCUE CALL",0,1,1.686,1,1.686
"Leverett",2020-01-01,"ROLLING 9",3,1,0.1345,4,0.538
"Leverett",2020-01-01,"SAFETY HAZARD",2,12,0.911833333333333,14,12.7656666666667
"Leverett",2020-01-01,"SERVICE CALL",0,8,0.862166666666667,8,6.89733333333333
"Leverett",2020-01-01,"SHOTS FIRED",0,6,0.524166666666667,6,3.145
"Leverett",2020-01-01,"SMOKE INVESTIGATION",0,3,0.6505,3,1.9515
"Leverett",2020-01-01,"SEX OFFENDER REGISTRATION",1,0,0.177166666666667,1,0.177166666666667
"Leverett",2020-01-01,"SUSPICIOUS PERSON",0,1,0.697333333333333,1,0.697333333333333
"Leverett",2020-01-01,"SUSPICIOUS PACKAGE",2,0,0.9665,2,1.933
"Leverett",2020-01-01,"SUSPICIOUS ACTIVITY",5,3,0.477333333333333,8,3.81866666666667
"Leverett",2020-01-01,"SUSPICIOUS VEHICLE",14,5,0.414333333333333,19,7.87233333333333
"Leverett",2020-01-01,"THREAT",1,2,0.549333333333333,3,1.648
"Leverett",2020-01-01,"TRAFFIC HAZARD",21,12,0.252166666666667,33,8.3215
"Leverett",2020-01-01,"TRAFFIC CONTROL",77,1,0.632166666666667,78,49.309
"Leverett",2020-01-01,"TRESPASS",1,0,0.158666666666667,1,0.158666666666667
"Leverett",2020-01-01,"UNWANTED PERSON",0,3,1.8825,3,5.6475
"Leverett",2020-01-01,"VANDALISM",3,2,1.0065,5,5.0325
"Leverett",2021-01-01,"209A SERVICE",6,0,0.104,6,0.624
"Leverett",2021-01-01,"209A VIOLATION",1,0,0.6,1,0.6
"Leverett",2021-01-01,"ABANDONED 911 CALL",0,2,0.200333333333333,2,0.400666666666667
"Leverett",2021-01-01,"911 CALL",0,28,0.229166666666667,28,6.41666666666667
"Leverett",2021-01-01,"911 HANG UP",0,9,0.671,9,6.039
"Leverett",2021-01-01,"911 MIS DIAL",0,10,0.1905,10,1.905
"Leverett",2021-01-01,"ABANDONED MV",0,1,0.3455,1,0.3455
"Leverett",2021-01-01,"ADMINISTRATIVE",69,0,0.671666666666667,69,46.345
"Leverett",2021-01-01,"ALARM BURGLAR OR HOLDUP",0,35,0.237166666666667,35,8.30083333333333
"Leverett",2021-01-01,"EMS ALARM - LIFELINE ACTIVATED",0,4,0.262333333333333,4,1.04933333333333
"Leverett",2021-01-01,"FIRE ALARM",0,12,0.387666666666667,12,4.652
"Leverett",2021-01-01,"ANIMAL COMPLAINT",16,34,0.396833333333333,50,19.8416666666667
"Leverett",2021-01-01,"ASSIST CITIZEN",36,24,0.456666666666667,60,27.4
"Leverett",2021-01-01,"ASSIST OTHER AGENCY",14,11,0.574166666666667,25,14.3541666666667
"Leverett",2021-01-01,"ASSAULT",0,1,0.404833333333333,1,0.404833333333333
"Leverett",2021-01-01,"ARTICLES LOST",0,1,0,1,0
"Leverett",2021-01-01,"ARTICLES RECOVERED",4,4,0.430833333333333,8,3.44666666666667
"Leverett",2021-01-01,"BREAKING & ENTERING AUTO",0,1,0.405166666666667,1,0.405166666666667
"Leverett",2021-01-01,"BUILDING/LOCATION CHECK",598,10,0.100166666666667,608,60.9013333333333
"Leverett",2021-01-01,"BYLAW VIOLATION",1,0,0,1,0
"Leverett",2021-01-01,"CHIMNEY FIRE",0,5,0.6655,5,3.3275
"Leverett",2021-01-01,"CHECK WELFARE",6,16,0.5405,22,11.891
"Leverett",2021-01-01,"Civil Issue",1,1,0.422333333333333,2,0.844666666666667
"Leverett",2021-01-01,"CRUISER MAINTENANCE",51,0,0.179,51,9.129
"Leverett",2021-01-01,"CARBON MONOXIDE HAZARD",0,2,0.155166666666667,2,0.310333333333333
"Leverett",2021-01-01,"COMMUNITY POLICING",50,3,0.564333333333333,53,29.9096666666667
"Leverett",2021-01-01,"COMPLAINT",1,5,0.4685,6,2.811
"Leverett",2021-01-01,"COURT",2,0,0.821333333333333,2,1.64266666666667
"Leverett",2021-01-01,"CUSTODY ISSUE",0,1,0,1,0
"Leverett",2021-01-01,"Car vs. Deer",0,8,0.421,8,3.368
"Leverett",2021-01-01,"Paid Detail",0,1,0,1,0
"Leverett",2021-01-01,"DISTURBANCE",2,2,0.305333333333333,4,1.22133333333333
"Leverett",2021-01-01,"DISABLED MV",20,12,0.538833333333333,32,17.2426666666667
"Leverett",2021-01-01,"Drill/Testing",0,3,0,3,0
"Leverett",2021-01-01,"DETAIL REQUEST",0,7,0.1865,7,1.3055
"Leverett",2021-01-01,"ESCORT/TRANSPORT",5,1,0.163166666666667,6,0.979
"Leverett",2021-01-01,"FIREARMS LICENSING",59,4,0.206666666666667,63,13.02
"Leverett",2021-01-01,"BRUSH FIRE",0,3,1.0835,3,3.2505
"Leverett",2021-01-01,"FIRE, OTHER NON-SPECIFIC",0,5,0.346833333333333,5,1.73416666666667
"Leverett",2021-01-01,"VEHICLE FIRE",0,1,0.383833333333333,1,0.383833333333333
"Leverett",2021-01-01,"FIRE WORKS",0,1,0.3755,1,0.3755
"Leverett",2021-01-01,"FOLLOW UP INVESTIGATION",13,7,1.09683333333333,20,21.9366666666667
"Leverett",2021-01-01,"FRAUD/SCAM",2,11,0.439166666666667,13,5.70916666666667
"Leverett",2021-01-01,"GENERAL INFO",0,20,0,20,0
"Leverett",2021-01-01,"HARASSMENT",1,2,0.32,3,0.96
"Leverett",2021-01-01,"ILLEGAL BURN",0,2,0.342,2,0.684
"Leverett",2021-01-01,"ILLEGAL DUMPING",2,1,0.172666666666667,3,0.518
"Leverett",2021-01-01,"INVESTIGATION",13,7,0.558833333333333,20,11.1766666666667
"Leverett",2021-01-01,"KEEP THE PEACE",0,2,0.168,2,0.336
"Leverett",2021-01-01,"LARCENY",3,7,0.6755,10,6.755
"Leverett",2021-01-01,"LINE DOWN, POWER,PHONE OR CABL",1,12,0.814,13,10.582
"Leverett",2021-01-01,"LOCKOUT",1,1,0.2525,2,0.505
"Leverett",2021-01-01,"MEDICAL EMERGENCY",0,84,0.544333333333333,84,45.724
"Leverett",2021-01-01,"MISCELLANEOUS",5,4,1.3395,9,12.0555
"Leverett",2021-01-01,"MOTOR VEHICLE ACCIDENT NO INJU",2,19,1.06933333333333,21,22.456
"Leverett",2021-01-01,"MOTOR VEHICLE COMPLAINT",3,21,0.3955,24,9.492
"Leverett",2021-01-01,"MOTOR VEHICLE ACCIDE W/INJURY",0,5,1.35216666666667,5,6.76083333333333
"Leverett",2021-01-01,"MOTOR VEHICLE VIOLATION",569,1,0.1935,570,110.295
"Leverett",2021-01-01,"NOISE COMPLAINT",1,4,0.564666666666667,5,2.82333333333333
"Leverett",2021-01-01,"NOTIFICATION",2,11,0.501833333333333,13,6.52383333333333
"Leverett",2021-01-01,"OPEN DOOR",1,0,0.207,1,0.207
"Leverett",2021-01-01,"ODOR INVESTIGATION",0,4,0.209333333333333,4,0.837333333333333
"Leverett",2021-01-01,"OFFICER WANTED",0,17,0.746166666666667,17,12.6848333333333
"Leverett",2021-01-01,"PAPERWORK SERVICE",28,3,0.0833333333333333,31,2.58333333333333
"Leverett",2021-01-01,"PARKING COMPLAINT",1,0,0.1045,1,0.1045
"Leverett",2021-01-01,"PATROL AREA",17,1,0.6895,18,12.411
"Leverett",2021-01-01,"RADAR/TRAFFIC ENFORCEMENT",241,1,0.526,242,127.292
"Leverett",2021-01-01,"RESCUE CALL",1,0,1.49783333333333,1,1.49783333333333
"Leverett",2021-01-01,"ROLLING 9",2,0,0.107166666666667,2,0.214333333333333
"Leverett",2021-01-01,"SAFETY HAZARD",0,6,0.810833333333333,6,4.865
"Leverett",2021-01-01,"SEARCH",2,2,2.69433333333333,4,10.7773333333333
"Leverett",2021-01-01,"Section 12",0,1,0.316833333333333,1,0.316833333333333
"Leverett",2021-01-01,"SERVICE CALL",0,6,0.412833333333333,6,2.477
"Leverett",2021-01-01,"SHOTS FIRED",0,1,0.4325,1,0.4325
"Leverett",2021-01-01,"SMOKE INVESTIGATION",0,5,0.271166666666667,5,1.35583333333333
"Leverett",2021-01-01,"SEX OFFENDER REGISTRATION",3,0,0.360333333333333,3,1.081
"Leverett",2021-01-01,"SUMMONS SERVICE",4,0,0.0466666666666667,4,0.186666666666667
"Leverett",2021-01-01,"SUSPICIOUS PERSON",0,3,0.853,3,2.559
"Leverett",2021-01-01,"SUSPICIOUS ACTIVITY",1,5,0.701833333333333,6,4.211
"Leverett",2021-01-01,"SUSPICIOUS VEHICLE",2,9,0.2155,11,2.3705
"Leverett",2021-01-01,"TRAFFIC HAZARD",15,15,0.406,30,12.18
"Leverett",2021-01-01,"TRAFFIC CONTROL",15,1,0.2895,16,4.632
"Leverett",2021-01-01,"TRESPASS",0,2,0.364166666666667,2,0.728333333333333
"Leverett",2021-01-01,"UNWANTED PERSON",0,2,0.9405,2,1.881
"Leverett",2021-01-01,"VANDALISM",4,4,0.278833333333333,8,2.23066666666667
"Leverett",2021-01-01,"SERVE WARRANT",1,0,0.0853333333333333,1,0.0853333333333333
"Leverett",2022-01-01,"209A SERVICE",2,1,0.207,3,0.621
"Leverett",2022-01-01,"ABANDONED 911 CALL",0,6,0.594,6,3.564
"Leverett",2022-01-01,"911 CALL",0,27,0.278333333333333,27,7.515
"Leverett",2022-01-01,"911 HANG UP",0,11,0.5125,11,5.6375
"Leverett",2022-01-01,"911 MIS DIAL",0,11,0.215,11,2.365
"Leverett",2022-01-01,"ABANDONED MV",1,0,0,1,0
"Leverett",2022-01-01,"ADMINISTRATIVE",223,11,1.34483333333333,234,314.691
"Leverett",2022-01-01,"ALARM BURGLAR OR HOLDUP",0,32,0.292833333333333,32,9.37066666666667
"Leverett",2022-01-01,"EMS ALARM - LIFELINE ACTIVATED",0,8,0.316666666666667,8,2.53333333333333
"Leverett",2022-01-01,"FIRE ALARM",0,10,0.810166666666667,10,8.10166666666667
"Leverett",2022-01-01,"ANIMAL COMPLAINT",22,60,0.417,82,34.194
"Leverett",2022-01-01,"ASSIST CITIZEN",51,48,0.352166666666667,99,34.8645
"Leverett",2022-01-01,"ASSIST OTHER AGENCY",13,17,0.464,30,13.92
"Leverett",2022-01-01,"ASSAULT",0,1,1.27833333333333,1,1.27833333333333
"Leverett",2022-01-01,"ARTICLES LOST",0,4,0,4,0
"Leverett",2022-01-01,"ARTICLES RECOVERED",2,5,0.467333333333333,7,3.27133333333333
"Leverett",2022-01-01,"BREAKING AND ENTERING",0,1,0.2885,1,0.2885
"Leverett",2022-01-01,"BREAKING & ENTERING PAST",0,1,0,1,0
"Leverett",2022-01-01,"BE ON THE LOOK OUT",0,1,0,1,0
"Leverett",2022-01-01,"BUILDING/LOCATION CHECK",707,3,0.0608333333333333,710,43.1916666666667
"Leverett",2022-01-01,"CHIMNEY FIRE",0,2,0.584166666666667,2,1.16833333333333
"Leverett",2022-01-01,"CHECK WELFARE",6,20,0.590666666666667,26,15.3573333333333
"Leverett",2022-01-01,"Civil Issue",1,0,0.0841666666666667,1,0.0841666666666667
"Leverett",2022-01-01,"CRUISER MAINTENANCE",43,0,0.6605,43,28.4015
"Leverett",2022-01-01,"CARBON MONOXIDE HAZARD",0,3,0.377166666666667,3,1.1315
"Leverett",2022-01-01,"COMMUNITY POLICING",110,6,0.479666666666667,116,55.6413333333333
"Leverett",2022-01-01,"COMPLAINT",0,5,0.186666666666667,5,0.933333333333333
"Leverett",2022-01-01,"CSO FOLLOW UP",1,0,1.98716666666667,1,1.98716666666667
"Leverett",2022-01-01,"CSO OUTREACH",1,1,1.1025,2,2.205
"Leverett",2022-01-01,"COURT",2,2,0.811833333333333,4,3.24733333333333
"Leverett",2022-01-01,"Car vs. Deer",0,12,0.348333333333333,12,4.18
"Leverett",2022-01-01,"DISTURBANCE",0,3,0.588,3,1.764
"Leverett",2022-01-01,"DISABLED MV",18,21,0.355833333333333,39,13.8775
"Leverett",2022-01-01,"DRUNK",0,1,0.2915,1,0.2915
"Leverett",2022-01-01,"Drill/Testing",3,2,0.508666666666667,5,2.54333333333333
"Leverett",2022-01-01,"DETAIL REQUEST",0,6,0.257,6,1.542
"Leverett",2022-01-01,"ESCORT/TRANSPORT",6,0,0.599666666666667,6,3.598
"Leverett",2022-01-01,"FIREARMS LICENSING",57,8,0.260166666666667,65,16.9108333333333
"Leverett",2022-01-01,"STRUCTURE FIRE",0,1,0.831,1,0.831
"Leverett",2022-01-01,"FIRE, OTHER NON-SPECIFIC",0,4,0.827,4,3.308
"Leverett",2022-01-01,"VEHICLE FIRE",0,1,0.915166666666667,1,0.915166666666667
"Leverett",2022-01-01,"FIRE WORKS",0,2,0.338333333333333,2,0.676666666666667
"Leverett",2022-01-01,"FOLLOW UP INVESTIGATION",27,14,0.364,41,14.924
"Leverett",2022-01-01,"FRAUD/SCAM",1,5,0.52,6,3.12
"Leverett",2022-01-01,"GAS LEAK",0,1,0.374666666666667,1,0.374666666666667
"Leverett",2022-01-01,"GENERAL INFO",0,22,0,22,0
"Leverett",2022-01-01,"HARASSMENT",1,5,0.872666666666667,6,5.236
"Leverett",2022-01-01,"HIT AND RUN",1,0,0.151166666666667,1,0.151166666666667
"Leverett",2022-01-01,"ILLEGAL BURN",1,1,0.268833333333333,2,0.537666666666667
"Leverett",2022-01-01,"ILLEGAL DUMPING",2,0,0.038,2,0.076
"Leverett",2022-01-01,"INVESTIGATION",9,1,0.4065,10,4.065
"Leverett",2022-01-01,"JUVENILE OFFENSES",0,1,0,1,0
"Leverett",2022-01-01,"KEEP THE PEACE",0,1,0.711333333333333,1,0.711333333333333
"Leverett",2022-01-01,"LARCENY",2,1,0.0411666666666667,3,0.1235
"Leverett",2022-01-01,"LINE DOWN, POWER,PHONE OR CABL",1,15,1.7885,16,28.616
"Leverett",2022-01-01,"LOCKOUT",0,3,0.519333333333333,3,1.558
"Leverett",2022-01-01,"MEDICAL EMERGENCY",0,93,0.576166666666667,93,53.5835
"Leverett",2022-01-01,"MISSING PERSON",0,3,0.125333333333333,3,0.376
"Leverett",2022-01-01,"MISCELLANEOUS",7,4,0.450666666666667,11,4.95733333333333
"Leverett",2022-01-01,"MOTOR VEHICLE ACCIDENT NO INJU",4,25,1.004,29,29.116
"Leverett",2022-01-01,"MOTOR VEHICLE COMPLAINT",0,17,0.291,17,4.947
"Leverett",2022-01-01,"MOTOR VEHICLE ACCIDE W/INJURY",0,1,0.742,1,0.742
"Leverett",2022-01-01,"MOTOR VEHICLE VIOLATION",327,0,0.142666666666667,327,46.652
"Leverett",2022-01-01,"NOISE COMPLAINT",0,1,0,1,0
"Leverett",2022-01-01,"NOTIFICATION",4,14,0.0975,18,1.755
"Leverett",2022-01-01,"OPEN DOOR",1,0,0.0558333333333333,1,0.0558333333333333
"Leverett",2022-01-01,"ODOR INVESTIGATION",0,1,0.094,1,0.094
"Leverett",2022-01-01,"OFFICER WANTED",1,14,0.851166666666667,15,12.7675
"Leverett",2022-01-01,"PAPERWORK SERVICE",26,2,0.172666666666667,28,4.83466666666667
"Leverett",2022-01-01,"PATROL AREA",25,0,0.652333333333333,25,16.3083333333333
"Leverett",2022-01-01,"RADAR/TRAFFIC ENFORCEMENT",474,1,0.545333333333333,475,259.033333333333
"Leverett",2022-01-01,"RAPE",0,1,0.712333333333333,1,0.712333333333333
"Leverett",2022-01-01,"RUNAWAY",0,1,1.83266666666667,1,1.83266666666667
"Leverett",2022-01-01,"ROLLING 9",1,0,0.023,1,0.023
"Leverett",2022-01-01,"SAFETY HAZARD",3,9,0.249833333333333,12,2.998
"Leverett",2022-01-01,"Section 12",0,1,0.3305,1,0.3305
"Leverett",2022-01-01,"SERVICE CALL",1,3,0.043,4,0.172
"Leverett",2022-01-01,"SHOTS FIRED",1,6,0.377333333333333,7,2.64133333333333
"Leverett",2022-01-01,"SMOKE INVESTIGATION",0,3,0.245,3,0.735
"Leverett",2022-01-01,"SEX OFFENDER REGISTRATION",5,1,0.3395,6,2.037
"Leverett",2022-01-01,"SCHOOL RESOURCE OFFICER DUTIES",1,0,0.0803333333333333,1,0.0803333333333333
"Leverett",2022-01-01,"SUSPICIOUS PERSON",1,3,0.334833333333333,4,1.33933333333333
"Leverett",2022-01-01,"SUSPICIOUS ACTIVITY",0,5,0,5,0
"Leverett",2022-01-01,"SUSPICIOUS VEHICLE",5,6,0.211333333333333,11,2.32466666666667
"Leverett",2022-01-01,"SWATTING",0,2,0.426666666666667,2,0.853333333333333
"Leverett",2022-01-01,"TRAFFIC HAZARD",9,21,0.548666666666667,30,16.46
"Leverett",2022-01-01,"TRAFFIC CONTROL",24,2,0.328,26,8.528
"Leverett",2022-01-01,"TRESPASS",0,1,0.0938333333333333,1,0.0938333333333333
"Leverett",2022-01-01,"UNWANTED PERSON",0,2,0.892166666666667,2,1.78433333333333
"Leverett",2022-01-01,"VANDALISM",0,3,0.387,3,1.161
"Leverett",2022-01-01,"SERVE WARRANT",1,0,0.168333333333333,1,0.168333333333333
"Wendell",2018-01-01,"ABANDONED 911 CALL",0,3,0,3,0
"Wendell",2018-01-01,"911 CALL",0,13,0.359,13,4.667
"Wendell",2018-01-01,"911 HANG UP",0,3,0.505,3,1.515
"Wendell",2018-01-01,"911 MIS DIAL",0,2,0,2,0
"Wendell",2018-01-01,"ABANDONED MV",0,1,0,1,0
"Wendell",2018-01-01,"ALARM BURGLAR OR HOLDUP",0,15,0.207833333333333,15,3.1175
"Wendell",2018-01-01,"EMS ALARM - LIFELINE ACTIVATED",0,2,0,2,0
"Wendell",2018-01-01,"FIRE ALARM",0,8,0,8,0
"Wendell",2018-01-01,"ANIMAL COMPLAINT",0,9,0,9,0
"Wendell",2018-01-01,"ASSIST OTHER AGENCY",0,2,0,2,0
"Wendell",2018-01-01,"BREAKING & ENTERING PAST",0,2,0,2,0
"Wendell",2018-01-01,"CHIMNEY FIRE",0,3,0,3,0
"Wendell",2018-01-01,"CHECK WELFARE",0,8,0.894833333333333,8,7.15866666666667
"Wendell",2018-01-01,"CARBON MONOXIDE HAZARD",0,1,0,1,0
"Wendell",2018-01-01,"COMPLAINT",0,3,0,3,0
"Wendell",2018-01-01,"DISTURBANCE",0,1,0.91,1,0.91
"Wendell",2018-01-01,"DISABLED MV",0,5,0.8805,5,4.4025
"Wendell",2018-01-01,"DRUNK",1,0,0.172166666666667,1,0.172166666666667
"Wendell",2018-01-01,"FIRE, OTHER NON-SPECIFIC",0,4,0,4,0
"Wendell",2018-01-01,"FIRE WORKS",0,1,0,1,0
"Wendell",2018-01-01,"FRAUD/SCAM",0,1,0,1,0
"Wendell",2018-01-01,"HARASSMENT",0,3,0,3,0
"Wendell",2018-01-01,"ILLEGAL BURN",0,2,0,2,0
"Wendell",2018-01-01,"LARCENY",0,2,0,2,0
"Wendell",2018-01-01,"LINE DOWN, POWER,PHONE OR CABL",1,1,0,2,0
"Wendell",2018-01-01,"LOCKOUT",0,2,0,2,0
"Wendell",2018-01-01,"MEDICAL EMERGENCY",0,33,0.918333333333333,33,30.305
"Wendell",2018-01-01,"MISSING PERSON",0,1,0,1,0
"Wendell",2018-01-01,"MISCELLANEOUS",1,1,0.0741666666666667,2,0.148333333333333
"Wendell",2018-01-01,"MOTOR VEHICLE ACCIDENT NO INJU",1,17,1.50383333333333,18,27.069
"Wendell",2018-01-01,"MOTOR VEHICLE COMPLAINT",0,4,1.0045,4,4.018
"Wendell",2018-01-01,"MOTOR VEHICLE ACCIDE W/INJURY",0,2,0.587833333333333,2,1.17566666666667
"Wendell",2018-01-01,"MOTOR VEHICLE VIOLATION",1,1,4.62033333333333,2,9.24066666666667
"Wendell",2018-01-01,"NOTIFICATION",0,2,0,2,0
"Wendell",2018-01-01,"OFFICER WANTED",0,6,0.268833333333333,6,1.613
"Wendell",2018-01-01,"PAPERWORK SERVICE",0,1,0,1,0
"Wendell",2018-01-01,"RUNAWAY",0,1,0,1,0
"Wendell",2018-01-01,"SAFETY HAZARD",0,7,6.04383333333333,7,42.3068333333333
"Wendell",2018-01-01,"SERVICE CALL",0,2,0,2,0
"Wendell",2018-01-01,"SHOTS FIRED",0,1,0,1,0
"Wendell",2018-01-01,"SMOKE INVESTIGATION",0,1,0.322666666666667,1,0.322666666666667
"Wendell",2018-01-01,"SUSPICIOUS PERSON",0,2,0,2,0
"Wendell",2018-01-01,"SUSPICIOUS ACTIVITY",0,2,0,2,0
"Wendell",2018-01-01,"SUICIDE THREAT",0,2,0.311333333333333,2,0.622666666666667
"Wendell",2018-01-01,"SUSPICIOUS VEHICLE",0,3,0,3,0
"Wendell",2018-01-01,"THREAT",0,2,0,2,0
"Wendell",2018-01-01,"TRAFFIC HAZARD",0,5,13.4875,5,67.4375
"Wendell",2018-01-01,"VANDALISM",0,1,0,1,0
"Wendell",2019-01-01,"209A SERVICE",0,1,0,1,0
"Wendell",2019-01-01,"209A VIOLATION",0,2,0,2,0
"Wendell",2019-01-01,"ABANDONED 911 CALL",0,9,5e-04,9,0.0045
"Wendell",2019-01-01,"911 CALL",0,16,0.866,16,13.856
"Wendell",2019-01-01,"911 HANG UP",0,5,0,5,0
"Wendell",2019-01-01,"911 MIS DIAL",0,6,0,6,0
"Wendell",2019-01-01,"ABANDONED MV",0,1,0,1,0
"Wendell",2019-01-01,"ADMINISTRATIVE",1,0,0,1,0
"Wendell",2019-01-01,"ALARM BURGLAR OR HOLDUP",0,4,0.3455,4,1.382
"Wendell",2019-01-01,"EMS ALARM - LIFELINE ACTIVATED",0,3,0,3,0
"Wendell",2019-01-01,"FIRE ALARM",0,8,0,8,0
"Wendell",2019-01-01,"ANIMAL COMPLAINT",0,6,0.176333333333333,6,1.058
"Wendell",2019-01-01,"ASSIST CITIZEN",0,1,0,1,0
"Wendell",2019-01-01,"ASSIST OTHER AGENCY",0,1,0,1,0
"Wendell",2019-01-01,"ASSAULT",0,1,0,1,0
"Wendell",2019-01-01,"BREAKING & ENTERING PAST",0,2,0.462833333333333,2,0.925666666666667
"Wendell",2019-01-01,"CHIMNEY FIRE",0,3,0,3,0
"Wendell",2019-01-01,"CHECK WELFARE",0,14,0.788666666666667,14,11.0413333333333
"Wendell",2019-01-01,"CARBON MONOXIDE HAZARD",0,3,0,3,0
"Wendell",2019-01-01,"COMPLAINT",0,2,0.356666666666667,2,0.713333333333333
"Wendell",2019-01-01,"Car vs. Deer",0,4,0.474666666666667,4,1.89866666666667
"Wendell",2019-01-01,"DEATH",0,1,2.29666666666667,1,2.29666666666667
"Wendell",2019-01-01,"DISTURBANCE",0,2,1.25483333333333,2,2.50966666666667
"Wendell",2019-01-01,"DISABLED MV",0,4,0,4,0
"Wendell",2019-01-01,"DOMESTIC",0,1,1.36366666666667,1,1.36366666666667
"Wendell",2019-01-01,"Drill/Testing",0,2,0,2,0
"Wendell",2019-01-01,"DRUG OFFENSE",0,1,0,1,0
"Wendell",2019-01-01,"DETAIL REQUEST",0,5,0,5,0
"Wendell",2019-01-01,"ESCORT/TRANSPORT",0,1,0,1,0
"Wendell",2019-01-01,"FIGHT",0,1,0.9595,1,0.9595
"Wendell",2019-01-01,"BRUSH FIRE",0,2,0,2,0
"Wendell",2019-01-01,"FIRE, OTHER NON-SPECIFIC",0,1,0,1,0
"Wendell",2019-01-01,"FRAUD/SCAM",0,3,0,3,0
"Wendell",2019-01-01,"GAS LEAK",0,1,0,1,0
"Wendell",2019-01-01,"GENERAL INFO",0,10,0,10,0
"Wendell",2019-01-01,"HARASSMENT",0,2,0,2,0
"Wendell",2019-01-01,"ILLEGAL BURN",0,1,0,1,0
"Wendell",2019-01-01,"ILLEGAL DUMPING",0,1,0,1,0
"Wendell",2019-01-01,"INVESTIGATION",0,1,0.514333333333333,1,0.514333333333333
"Wendell",2019-01-01,"KEEP THE PEACE",1,1,0.869,2,1.738
"Wendell",2019-01-01,"LARCENY",0,1,0,1,0
"Wendell",2019-01-01,"LINE DOWN, POWER,PHONE OR CABL",0,12,0,12,0
"Wendell",2019-01-01,"LOCKOUT",0,1,0.3385,1,0.3385
"Wendell",2019-01-01,"MEDICAL EMERGENCY",0,41,0.53,41,21.73
"Wendell",2019-01-01,"MISCELLANEOUS",0,3,0,3,0
"Wendell",2019-01-01,"MOTOR VEHICLE ACCIDENT NO INJU",0,10,1.128,10,11.28
"Wendell",2019-01-01,"MOTOR VEHICLE COMPLAINT",0,5,0,5,0
"Wendell",2019-01-01,"MOTOR VEHICLE ACCIDE W/INJURY",0,2,1.13916666666667,2,2.27833333333333
"Wendell",2019-01-01,"MOTOR VEHICLE VIOLATION",1,0,0.0628333333333333,1,0.0628333333333333
"Wendell",2019-01-01,"NOISE COMPLAINT",0,1,0,1,0
"Wendell",2019-01-01,"NOTIFICATION",0,12,0.638833333333333,12,7.666
"Wendell",2019-01-01,"OPEN DOOR",0,1,0,1,0
"Wendell",2019-01-01,"ODOR INVESTIGATION",0,1,0,1,0
"Wendell",2019-01-01,"OFFICER WANTED",0,5,0,5,0
"Wendell",2019-01-01,"PAPERWORK SERVICE",1,0,0.271666666666667,1,0.271666666666667
"Wendell",2019-01-01,"REPOSSESSION",0,1,0,1,0
"Wendell",2019-01-01,"SAFETY HAZARD",0,2,0,2,0
"Wendell",2019-01-01,"SERVICE CALL",0,1,0,1,0
"Wendell",2019-01-01,"SHOTS FIRED",0,1,0,1,0
"Wendell",2019-01-01,"SUICIDE COMMITTED",0,1,3.891,1,3.891
"Wendell",2019-01-01,"SUSPICIOUS PERSON",0,2,0,2,0
"Wendell",2019-01-01,"SUICIDE THREAT",0,1,0,1,0
"Wendell",2019-01-01,"SUSPICIOUS VEHICLE",0,2,0.329333333333333,2,0.658666666666667
"Wendell",2019-01-01,"TRAFFIC HAZARD",0,3,0,3,0
"Wendell",2019-01-01,"TRESPASS",0,3,0,3,0
"Wendell",2019-01-01,"VANDALISM",0,1,0,1,0
"Wendell",2019-01-01,"SERVE WARRANT",0,1,0,1,0
"Wendell",2020-01-01,"209A SERVICE",1,0,0.278,1,0.278
"Wendell",2020-01-01,"ABANDONED 911 CALL",0,1,0,1,0
"Wendell",2020-01-01,"911 CALL",0,23,0.290166666666667,23,6.67383333333333
"Wendell",2020-01-01,"911 HANG UP",0,6,0.382333333333333,6,2.294
"Wendell",2020-01-01,"911 MIS DIAL",0,2,0,2,0
"Wendell",2020-01-01,"ALARM BURGLAR OR HOLDUP",0,2,0,2,0
"Wendell",2020-01-01,"EMS ALARM - LIFELINE ACTIVATED",0,7,0,7,0
"Wendell",2020-01-01,"FIRE ALARM",0,4,0,4,0
"Wendell",2020-01-01,"ANIMAL COMPLAINT",1,4,0.805833333333333,5,4.02916666666667
"Wendell",2020-01-01,"ASSIST CITIZEN",1,2,0.317833333333333,3,0.9535
"Wendell",2020-01-01,"ASSIST OTHER AGENCY",1,4,1.245,5,6.225
"Wendell",2020-01-01,"BREAKING & ENTERING PAST",0,1,0,1,0
"Wendell",2020-01-01,"BUILDING/LOCATION CHECK",1,0,0.0166666666666667,1,0.0166666666666667
"Wendell",2020-01-01,"CHIMNEY FIRE",0,1,0,1,0
"Wendell",2020-01-01,"CHECK WELFARE",0,9,0.724,9,6.516
"Wendell",2020-01-01,"CARBON MONOXIDE HAZARD",0,3,0.516333333333333,3,1.549
"Wendell",2020-01-01,"COMMUNITY POLICING",0,1,0,1,0
"Wendell",2020-01-01,"COMPLAINT",0,4,0,4,0
"Wendell",2020-01-01,"DEATH",0,2,3.45433333333333,2,6.90866666666667
"Wendell",2020-01-01,"DISTURBANCE",0,2,1.83866666666667,2,3.67733333333333
"Wendell",2020-01-01,"DISABLED MV",1,1,0.0488333333333333,2,0.0976666666666667
"Wendell",2020-01-01,"DRUNK",0,1,2.1655,1,2.1655
"Wendell",2020-01-01,"Drill/Testing",0,1,0,1,0
"Wendell",2020-01-01,"DETAIL REQUEST",0,1,0,1,0
"Wendell",2020-01-01,"EXPLOSION",0,1,0.298833333333333,1,0.298833333333333
"Wendell",2020-01-01,"FIREARMS LICENSING",0,2,0,2,0
"Wendell",2020-01-01,"BRUSH FIRE",0,3,0,3,0
"Wendell",2020-01-01,"FIRE, OTHER NON-SPECIFIC",0,1,0,1,0
"Wendell",2020-01-01,"FIRE WORKS",0,3,0.433333333333333,3,1.3
"Wendell",2020-01-01,"FOLLOW UP INVESTIGATION",4,0,0.299666666666667,4,1.19866666666667
"Wendell",2020-01-01,"FRAUD/SCAM",1,2,0.996166666666667,3,2.9885
"Wendell",2020-01-01,"GAS LEAK",0,1,1.05716666666667,1,1.05716666666667
"Wendell",2020-01-01,"GENERAL INFO",0,11,0,11,0
"Wendell",2020-01-01,"HARASSMENT",0,1,0,1,0
"Wendell",2020-01-01,"ILLEGAL BURN",0,3,0,3,0
"Wendell",2020-01-01,"INVESTIGATION",0,3,0,3,0
"Wendell",2020-01-01,"LARCENY",0,3,0,3,0
"Wendell",2020-01-01,"LINE DOWN, POWER,PHONE OR CABL",0,19,0.563,19,10.697
"Wendell",2020-01-01,"LOCKOUT",0,2,0,2,0
"Wendell",2020-01-01,"MEDICAL EMERGENCY",1,32,0.945833333333333,33,31.2125
"Wendell",2020-01-01,"MISSING PERSON",0,5,1.61416666666667,5,8.07083333333333
"Wendell",2020-01-01,"MISCELLANEOUS",0,2,0,2,0
"Wendell",2020-01-01,"MOTOR VEHICLE ACCIDENT NO INJU",0,15,1.07216666666667,15,16.0825
"Wendell",2020-01-01,"MOTOR VEHICLE COMPLAINT",0,4,0,4,0
"Wendell",2020-01-01,"MOTOR VEHICLE ACCIDE W/INJURY",0,1,0.884166666666667,1,0.884166666666667
"Wendell",2020-01-01,"MOTOR VEHICLE RECOVERED",0,1,0,1,0
"Wendell",2020-01-01,"MOTOR VEHICLE VIOLATION",4,0,0.664,4,2.656
"Wendell",2020-01-01,"NOISE COMPLAINT",0,4,0,4,0
"Wendell",2020-01-01,"NOTIFICATION",0,14,0,14,0
"Wendell",2020-01-01,"OFFICER WANTED",1,6,4.853,7,33.971
"Wendell",2020-01-01,"PAPERWORK SERVICE",13,3,0.389333333333333,16,6.22933333333333
"Wendell",2020-01-01,"PATROL AREA",1,0,0.349666666666667,1,0.349666666666667
"Wendell",2020-01-01,"ROLLING 9",1,0,0.0321666666666667,1,0.0321666666666667
"Wendell",2020-01-01,"SAFETY HAZARD",1,11,1.388,12,16.656
"Wendell",2020-01-01,"Section 12",0,1,0,1,0
"Wendell",2020-01-01,"SERVICE CALL",0,1,0.9225,1,0.9225
"Wendell",2020-01-01,"SHOTS FIRED",0,3,0.602,3,1.806
"Wendell",2020-01-01,"SMOKE INVESTIGATION",0,2,0,2,0
"Wendell",2020-01-01,"SOLICITING",0,2,0,2,0
"Wendell",2020-01-01,"SEX OFFENDER REGISTRATION",0,4,0.196333333333333,4,0.785333333333333
"Wendell",2020-01-01,"SUICIDE COMMITTED",0,1,2.39666666666667,1,2.39666666666667
"Wendell",2020-01-01,"SUSPICIOUS PERSON",1,2,0.578166666666667,3,1.7345
"Wendell",2020-01-01,"SUSPICIOUS ACTIVITY",1,3,0.686166666666667,4,2.74466666666667
"Wendell",2020-01-01,"SUSPICIOUS VEHICLE",0,3,0.272,3,0.816
"Wendell",2020-01-01,"THREAT",0,2,0,2,0
"Wendell",2020-01-01,"TRAFFIC HAZARD",0,7,0,7,0
"Wendell",2021-01-01,"209A SERVICE",0,1,1.0255,1,1.0255
"Wendell",2021-01-01,"ABANDONED 911 CALL",0,3,0.601166666666667,3,1.8035
"Wendell",2021-01-01,"911 CALL",0,17,0.457666666666667,17,7.78033333333333
"Wendell",2021-01-01,"911 HANG UP",0,5,0.402833333333333,5,2.01416666666667
"Wendell",2021-01-01,"911 MIS DIAL",0,7,0.3985,7,2.7895
"Wendell",2021-01-01,"ABANDONED MV",1,1,0.736333333333333,2,1.47266666666667
"Wendell",2021-01-01,"ADMINISTRATIVE",3,0,0.613333333333333,3,1.84
"Wendell",2021-01-01,"ALARM BURGLAR OR HOLDUP",0,3,0.379333333333333,3,1.138
"Wendell",2021-01-01,"EMS ALARM - LIFELINE ACTIVATED",0,4,0,4,0
"Wendell",2021-01-01,"FIRE ALARM",0,14,0.388333333333333,14,5.43666666666667
"Wendell",2021-01-01,"ANIMAL COMPLAINT",4,45,0.4755,49,23.2995
"Wendell",2021-01-01,"ASSIST CITIZEN",1,2,0.152833333333333,3,0.4585
"Wendell",2021-01-01,"ASSIST OTHER AGENCY",5,4,0.337333333333333,9,3.036
"Wendell",2021-01-01,"ASSAULT",0,1,1.2325,1,1.2325
"Wendell",2021-01-01,"ARTICLES RECOVERED",1,0,0,1,0
"Wendell",2021-01-01,"BE ON THE LOOK OUT",0,2,0,2,0
"Wendell",2021-01-01,"BURN/AGRI PERMIT",0,1,0,1,0
"Wendell",2021-01-01,"BUILDING/LOCATION CHECK",204,1,0.031,205,6.355
"Wendell",2021-01-01,"CHIMNEY FIRE",0,3,1.43466666666667,3,4.304
"Wendell",2021-01-01,"CHECK WELFARE",1,10,0.5745,11,6.3195
"Wendell",2021-01-01,"CRUISER MAINTENANCE",2,0,0.5345,2,1.069
"Wendell",2021-01-01,"CARBON MONOXIDE HAZARD",0,3,0,3,0
"Wendell",2021-01-01,"COMMUNITY POLICING",6,2,0.103833333333333,8,0.830666666666667
"Wendell",2021-01-01,"COMPLAINT",2,5,0.196,7,1.372
"Wendell",2021-01-01,"DISTURBANCE",0,4,1.55916666666667,4,6.23666666666667
"Wendell",2021-01-01,"DISABLED MV",5,8,0.571666666666667,13,7.43166666666667
"Wendell",2021-01-01,"DOMESTIC",0,2,1.39083333333333,2,2.78166666666667
"Wendell",2021-01-01,"DETAIL REQUEST",0,4,0,4,0
"Wendell",2021-01-01,"ESCORT/TRANSPORT",1,3,0.738333333333333,4,2.95333333333333
"Wendell",2021-01-01,"FIREARMS LICENSING",9,0,0.0456666666666667,9,0.411
"Wendell",2021-01-01,"BRUSH FIRE",0,4,0.7825,4,3.13
"Wendell",2021-01-01,"STRUCTURE FIRE",0,1,1.47916666666667,1,1.47916666666667
"Wendell",2021-01-01,"FIRE, OTHER NON-SPECIFIC",0,2,0.873333333333333,2,1.74666666666667
"Wendell",2021-01-01,"VEHICLE FIRE",0,1,0,1,0
"Wendell",2021-01-01,"FIRE WORKS",0,1,0,1,0
"Wendell",2021-01-01,"FOLLOW UP INVESTIGATION",6,4,0.222166666666667,10,2.22166666666667
"Wendell",2021-01-01,"FRAUD/SCAM",0,4,0,4,0
"Wendell",2021-01-01,"GENERAL INFO",0,4,0,4,0
"Wendell",2021-01-01,"HARASSMENT",1,1,0.0936666666666667,2,0.187333333333333
"Wendell",2021-01-01,"ILLEGAL BURN",0,2,0,2,0
"Wendell",2021-01-01,"INVESTIGATION",5,1,0.284166666666667,6,1.705
"Wendell",2021-01-01,"LARCENY",0,1,0.292333333333333,1,0.292333333333333
"Wendell",2021-01-01,"LINE DOWN, POWER,PHONE OR CABL",1,8,0.845666666666667,9,7.611
"Wendell",2021-01-01,"MEDICAL EMERGENCY",0,51,0.598,51,30.498
"Wendell",2021-01-01,"MISSING PERSON",0,2,0.8075,2,1.615
"Wendell",2021-01-01,"MISCELLANEOUS",4,6,0.281,10,2.81
"Wendell",2021-01-01,"MOTOR VEHICLE ACCIDENT NO INJU",0,9,1.139,9,10.251
"Wendell",2021-01-01,"MOTOR VEHICLE COMPLAINT",5,7,0.791166666666667,12,9.494
"Wendell",2021-01-01,"MOTOR VEHICLE ACCIDE W/INJURY",0,2,1.0815,2,2.163
"Wendell",2021-01-01,"MOTOR VEHICLE VIOLATION",34,0,0.144166666666667,34,4.90166666666667
"Wendell",2021-01-01,"NOISE COMPLAINT",1,18,0.715333333333333,19,13.5913333333333
"Wendell",2021-01-01,"NOTIFICATION",0,5,0.3875,5,1.9375
"Wendell",2021-01-01,"OFFICER WANTED",0,8,0.791666666666667,8,6.33333333333333
"Wendell",2021-01-01,"PAPERWORK SERVICE",25,2,0.4005,27,10.8135
"Wendell",2021-01-01,"PARKING COMPLAINT",2,0,0.0915,2,0.183
"Wendell",2021-01-01,"PATROL AREA",8,0,0,8,0
"Wendell",2021-01-01,"RADAR/TRAFFIC ENFORCEMENT",94,1,0.563833333333333,95,53.5641666666667
"Wendell",2021-01-01,"ROLLING 9",0,2,0,2,0
"Wendell",2021-01-01,"SAFETY HAZARD",0,6,0.191166666666667,6,1.147
"Wendell",2021-01-01,"SHOTS FIRED",0,1,0.841666666666667,1,0.841666666666667
"Wendell",2021-01-01,"SMOKE INVESTIGATION",0,1,0,1,0
"Wendell",2021-01-01,"SOLICITING",0,1,0,1,0
"Wendell",2021-01-01,"SUSPICIOUS PERSON",0,2,0.731333333333333,2,1.46266666666667
"Wendell",2021-01-01,"SUSPICIOUS ACTIVITY",0,4,0.155333333333333,4,0.621333333333333
"Wendell",2021-01-01,"SUICIDE THREAT",0,1,1.29783333333333,1,1.29783333333333
"Wendell",2021-01-01,"SUSPICIOUS VEHICLE",0,4,0.365833333333333,4,1.46333333333333
"Wendell",2021-01-01,"THREAT",0,1,0,1,0
"Wendell",2021-01-01,"TRAFFIC HAZARD",6,7,0.470166666666667,13,6.11216666666667
"Wendell",2021-01-01,"TRAFFIC CONTROL",5,0,0.390666666666667,5,1.95333333333333
"Wendell",2021-01-01,"TRESPASS",2,2,0.648166666666667,4,2.59266666666667
"Wendell",2021-01-01,"TRUANT",0,1,0,1,0
"Wendell",2021-01-01,"VANDALISM",3,1,0.167333333333333,4,0.669333333333333
"Wendell",2021-01-01,"SERVE WARRANT",3,1,0.343166666666667,4,1.37266666666667
"Wendell",2022-01-01,"209A SERVICE",1,2,0.633833333333333,3,1.9015
"Wendell",2022-01-01,"209A VIOLATION",0,1,0,1,0
"Wendell",2022-01-01,"ABANDONED 911 CALL",0,3,0.053,3,0.159
"Wendell",2022-01-01,"911 CALL",0,10,0.376833333333333,10,3.76833333333333
"Wendell",2022-01-01,"911 HANG UP",0,2,0.4735,2,0.947
"Wendell",2022-01-01,"911 MIS DIAL",0,5,0.3965,5,1.9825
"Wendell",2022-01-01,"ABANDONED MV",2,2,0.271833333333333,4,1.08733333333333
"Wendell",2022-01-01,"ADMINISTRATIVE",3,0,1.52133333333333,3,4.564
"Wendell",2022-01-01,"ALARM BURGLAR OR HOLDUP",0,9,0.512166666666667,9,4.6095
"Wendell",2022-01-01,"EMS ALARM - LIFELINE ACTIVATED",0,6,0.678,6,4.068
"Wendell",2022-01-01,"FIRE ALARM",0,8,0.524333333333333,8,4.19466666666667
"Wendell",2022-01-01,"ANIMAL COMPLAINT",1,32,0.512,33,16.896
"Wendell",2022-01-01,"ASSIST CITIZEN",8,9,0.467,17,7.939
"Wendell",2022-01-01,"ASSIST OTHER AGENCY",5,7,0.552333333333333,12,6.628
"Wendell",2022-01-01,"ASSAULT",0,2,0,2,0
"Wendell",2022-01-01,"ARTICLES LOST",1,0,0.171666666666667,1,0.171666666666667
"Wendell",2022-01-01,"ARTICLES RECOVERED",1,1,0.0138333333333333,2,0.0276666666666667
"Wendell",2022-01-01,"BREAKING AND ENTERING",0,1,0.424666666666667,1,0.424666666666667
"Wendell",2022-01-01,"BURN/AGRI PERMIT",0,1,0,1,0
"Wendell",2022-01-01,"BUILDING/LOCATION CHECK",324,0,0.0558333333333333,324,18.09
"Wendell",2022-01-01,"CHECK WELFARE",6,19,0.703,25,17.575
"Wendell",2022-01-01,"Civil Issue",0,1,0,1,0
"Wendell",2022-01-01,"CARBON MONOXIDE HAZARD",0,1,0,1,0
"Wendell",2022-01-01,"COMMUNITY POLICING",29,2,0.4285,31,13.2835
"Wendell",2022-01-01,"COMPLAINT",0,1,0,1,0
"Wendell",2022-01-01,"CSO FOLLOW UP",3,0,0.806,3,2.418
"Wendell",2022-01-01,"Car vs. Deer",0,3,0.607,3,1.821
"Wendell",2022-01-01,"DISTURBANCE",0,2,1.05866666666667,2,2.11733333333333
"Wendell",2022-01-01,"DISABLED MV",2,9,1.035,11,11.385
"Wendell",2022-01-01,"DOMESTIC",1,1,2.819,2,5.638
"Wendell",2022-01-01,"DRUG OFFENSE",0,1,0,1,0
"Wendell",2022-01-01,"DETAIL REQUEST",0,2,0,2,0
"Wendell",2022-01-01,"FIREARMS LICENSING",12,4,0.186666666666667,16,2.98666666666667
"Wendell",2022-01-01,"BRUSH FIRE",0,5,0,5,0
"Wendell",2022-01-01,"FIRE, OTHER NON-SPECIFIC",0,2,0,2,0
"Wendell",2022-01-01,"VEHICLE FIRE",0,1,0.415833333333333,1,0.415833333333333
"Wendell",2022-01-01,"FOLLOW UP INVESTIGATION",18,7,0.346333333333333,25,8.65833333333333
"Wendell",2022-01-01,"FRAUD/SCAM",1,0,0,1,0
"Wendell",2022-01-01,"GENERAL INFO",1,12,0,13,0
"Wendell",2022-01-01,"HARASSMENT",0,3,1.20333333333333,3,3.61
"Wendell",2022-01-01,"ILLEGAL DUMPING",0,3,0.3835,3,1.1505
"Wendell",2022-01-01,"INVESTIGATION",4,0,0.4895,4,1.958
"Wendell",2022-01-01,"LARCENY",1,2,0.827666666666667,3,2.483
"Wendell",2022-01-01,"LINE DOWN, POWER,PHONE OR CABL",0,6,1.91766666666667,6,11.506
"Wendell",2022-01-01,"LOCKOUT",0,1,0,1,0
"Wendell",2022-01-01,"MEDICAL EMERGENCY",0,61,0.722333333333333,61,44.0623333333333
"Wendell",2022-01-01,"MISSING PERSON",0,2,2.1315,2,4.263
"Wendell",2022-01-01,"MISCELLANEOUS",0,2,0,2,0
"Wendell",2022-01-01,"MOTOR VEHICLE ACCIDENT NO INJU",0,12,0.912166666666667,12,10.946
"Wendell",2022-01-01,"MOTOR VEHICLE COMPLAINT",4,8,0.517833333333333,12,6.214
"Wendell",2022-01-01,"MOTOR VEHICLE ACCIDE W/INJURY",0,1,0.3,1,0.3
"Wendell",2022-01-01,"MOTOR VEHICLE VIOLATION",12,1,0.101833333333333,13,1.32383333333333
"Wendell",2022-01-01,"NOISE COMPLAINT",0,3,0,3,0
"Wendell",2022-01-01,"NOTIFICATION",1,9,0.994,10,9.94
"Wendell",2022-01-01,"OFFICER WANTED",1,15,1.19466666666667,16,19.1146666666667
"Wendell",2022-01-01,"PAPERWORK SERVICE",20,1,0.375,21,7.875
"Wendell",2022-01-01,"PATROL AREA",34,0,0.686666666666667,34,23.3466666666667
"Wendell",2022-01-01,"RADAR/TRAFFIC ENFORCEMENT",59,1,0.606166666666667,60,36.37
"Wendell",2022-01-01,"RESCUE CALL",0,1,1.60366666666667,1,1.60366666666667
"Wendell",2022-01-01,"SAFETY HAZARD",0,5,0.684166666666667,5,3.42083333333333
"Wendell",2022-01-01,"SEARCH",0,1,0.174,1,0.174
"Wendell",2022-01-01,"Section 12",0,1,0.244,1,0.244
"Wendell",2022-01-01,"SERVICE CALL",0,2,0.5785,2,1.157
"Wendell",2022-01-01,"SMOKE INVESTIGATION",0,1,0.419666666666667,1,0.419666666666667
"Wendell",2022-01-01,"SOLICITING",0,1,0.0291666666666667,1,0.0291666666666667
"Wendell",2022-01-01,"SUMMONS SERVICE",0,1,0.392166666666667,1,0.392166666666667
"Wendell",2022-01-01,"SUSPICIOUS PERSON",0,2,0.460833333333333,2,0.921666666666667
"Wendell",2022-01-01,"SUSPICIOUS PACKAGE",1,0,0,1,0
"Wendell",2022-01-01,"SUSPICIOUS ACTIVITY",0,6,0.508666666666667,6,3.052
"Wendell",2022-01-01,"SUICIDE THREAT",0,2,2.0105,2,4.021
"Wendell",2022-01-01,"SUSPICIOUS VEHICLE",5,3,0.413333333333333,8,3.30666666666667
"Wendell",2022-01-01,"TRAFFIC HAZARD",5,10,0.455,15,6.825
"Wendell",2022-01-01,"TRAFFIC CONTROL",1,0,0.938,1,0.938
"Wendell",2022-01-01,"TRESPASS",0,2,0.348166666666667,2,0.696333333333333
"Wendell",2022-01-01,"UNWANTED PERSON",0,1,1.785,1,1.785
"Wendell",2022-01-01,"SERVE WARRANT",2,1,0.709833333333333,3,2.1295
