Category,Score,Racquet
Overall,83,Prince Vortex 300
Groundstrokes,83,Prince Vortex 300
Volleys,82,Prince Vortex 300
Serves,82,Prince Vortex 300
Returns,82,Prince Vortex 300
Power,87,Prince Vortex 300
Control,79,Prince Vortex 300
Maneuverability,86,Prince Vortex 300
Stability,81,Prince Vortex 300
Comfort,83,Prince Vortex 300
Touch/Feel,83,Prince Vortex 300
Topspin,86,Prince Vortex 300
Slice,87,Prince Vortex 300
Overall,83,Yonex VCORE 100
Groundstrokes,83,Yonex VCORE 100
Volleys,82,Yonex VCORE 100
Serves,86,Yonex VCORE 100
Returns,82,Yonex VCORE 100
Power,88,Yonex VCORE 100
Control,80,Yonex VCORE 100
Maneuverability,86,Yonex VCORE 100
Stability,81,Yonex VCORE 100
Comfort,83,Yonex VCORE 100
Touch/Feel,82,Yonex VCORE 100
Topspin,86,Yonex VCORE 100
Slice,79,Yonex VCORE 100
Overall,82,Babolat Pure Strike Tour 3rd Gen
Groundstrokes,85,Babolat Pure Strike Tour 3rd Gen
Volleys,77,Babolat Pure Strike Tour 3rd Gen
Serves,80,Babolat Pure Strike Tour 3rd Gen
Returns,81,Babolat Pure Strike Tour 3rd Gen
Power,83,Babolat Pure Strike Tour 3rd Gen
Control,83,Babolat Pure Strike Tour 3rd Gen
Maneuverability,79,Babolat Pure Strike Tour 3rd Gen
Stability,84,Babolat Pure Strike Tour 3rd Gen
Comfort,77,Babolat Pure Strike Tour 3rd Gen
Touch/Feel,79,Babolat Pure Strike Tour 3rd Gen
Topspin,81,Babolat Pure Strike Tour 3rd Gen
Slice,78,Babolat Pure Strike Tour 3rd Gen
Overall,82,Dunlop FX 500
Groundstrokes,82,Dunlop FX 500
Volleys,78,Dunlop FX 500
Serves,79,Dunlop FX 500
Returns,79,Dunlop FX 500
Power,88,Dunlop FX 500
Control,75,Dunlop FX 500
Maneuverability,83,Dunlop FX 500
Stability,82,Dunlop FX 500
Comfort,83,Dunlop FX 500
Touch/Feel,77,Dunlop FX 500
Topspin,85,Dunlop FX 500
Slice,78,Dunlop FX 500
Overall,85,Tecnifibre TFight ISO 305 Racquet
Groundstrokes,84,Tecnifibre TFight ISO 305 Racquet
Volleys,83,Tecnifibre TFight ISO 305 Racquet
Serves,86,Tecnifibre TFight ISO 305 Racquet
Returns,83,Tecnifibre TFight ISO 305 Racquet
Power,81,Tecnifibre TFight ISO 305 Racquet
Control,84,Tecnifibre TFight ISO 305 Racquet
Maneuverability,77,Tecnifibre TFight ISO 305 Racquet
Stability,87,Tecnifibre TFight ISO 305 Racquet
Comfort,83,Tecnifibre TFight ISO 305 Racquet
Touch/Feel,83,Tecnifibre TFight ISO 305 Racquet
Topspin,81,Tecnifibre TFight ISO 305 Racquet
Slice,85,Tecnifibre TFight ISO 305 Racquet
Overall,85,Volkl C10 Pro 2022
Groundstrokes,82,Volkl C10 Pro 2022
Volleys,87,Volkl C10 Pro 2022
Serves,84,Volkl C10 Pro 2022
Returns,79,Volkl C10 Pro 2022
Power,79,Volkl C10 Pro 2022
Control,87,Volkl C10 Pro 2022
Maneuverability,79,Volkl C10 Pro 2022
Stability,87,Volkl C10 Pro 2022
Comfort,92,Volkl C10 Pro 2022
Touch/Feel,89,Volkl C10 Pro 2022
Topspin,84,Volkl C10 Pro 2022
Slice,86,Volkl C10 Pro 2022
Overall,82,Babolat Pure Strike 100 3rd Gen
Groundstrokes,84,Babolat Pure Strike 100 3rd Gen
Volleys,82,Babolat Pure Strike 100 3rd Gen
Serves,80,Babolat Pure Strike 100 3rd Gen
Returns,81,Babolat Pure Strike 100 3rd Gen
Power,83,Babolat Pure Strike 100 3rd Gen
Control,85,Babolat Pure Strike 100 3rd Gen
Maneuverability,81,Babolat Pure Strike 100 3rd Gen
Stability,82,Babolat Pure Strike 100 3rd Gen
Comfort,81,Babolat Pure Strike 100 3rd Gen
Touch/Feel,83,Babolat Pure Strike 100 3rd Gen
Topspin,84,Babolat Pure Strike 100 3rd Gen
Slice,81,Babolat Pure Strike 100 3rd Gen
Overall,89,Head Speed Pro 2022
Groundstrokes,90,Head Speed Pro 2022
Volleys,89,Head Speed Pro 2022
Serves,88,Head Speed Pro 2022
Returns,88,Head Speed Pro 2022
Power,83,Head Speed Pro 2022
Control,89,Head Speed Pro 2022
Maneuverability,86,Head Speed Pro 2022
Stability,87,Head Speed Pro 2022
Comfort,87,Head Speed Pro 2022
Touch/Feel,87,Head Speed Pro 2022
Topspin,81,Head Speed Pro 2022
Slice,86,Head Speed Pro 2022
Overall,79,Prince Phantom O3 100X
Groundstrokes,79,Prince Phantom O3 100X
Volleys,81,Prince Phantom O3 100X
Serves,74,Prince Phantom O3 100X
Returns,82,Prince Phantom O3 100X
Power,75,Prince Phantom O3 100X
Control,82,Prince Phantom O3 100X
Maneuverability,79,Prince Phantom O3 100X
Stability,85,Prince Phantom O3 100X
Comfort,90,Prince Phantom O3 100X
Touch/Feel,78,Prince Phantom O3 100X
Topspin,88,Prince Phantom O3 100X
Slice,82,Prince Phantom O3 100X
Overall,80,Volkl V-Cell V1 Pro
Groundstrokes,80,Volkl V-Cell V1 Pro
Volleys,80,Volkl V-Cell V1 Pro
Serves,80,Volkl V-Cell V1 Pro
Returns,79,Volkl V-Cell V1 Pro
Power,83,Volkl V-Cell V1 Pro
Control,78,Volkl V-Cell V1 Pro
Maneuverability,85,Volkl V-Cell V1 Pro
Stability,79,Volkl V-Cell V1 Pro
Comfort,80,Volkl V-Cell V1 Pro
Touch/Feel,79,Volkl V-Cell V1 Pro
Topspin,84,Volkl V-Cell V1 Pro
Slice,82,Volkl V-Cell V1 Pro
Overall,85,Prince ATS Textreme Tour 95
Groundstrokes,84,Prince ATS Textreme Tour 95
Volleys,84,Prince ATS Textreme Tour 95
Serves,84,Prince ATS Textreme Tour 95
Returns,81,Prince ATS Textreme Tour 95
Power,78,Prince ATS Textreme Tour 95
Control,86,Prince ATS Textreme Tour 95
Maneuverability,79,Prince ATS Textreme Tour 95
Stability,86,Prince ATS Textreme Tour 95
Comfort,87,Prince ATS Textreme Tour 95
Touch/Feel,87,Prince ATS Textreme Tour 95
Topspin,83,Prince ATS Textreme Tour 95
Slice,85,Prince ATS Textreme Tour 95
Overall,82,Prince Textreme Tour 95
Groundstrokes,82,Prince Textreme Tour 95
Volleys,86,Prince Textreme Tour 95
Serves,85,Prince Textreme Tour 95
Returns,78,Prince Textreme Tour 95
Power,71,Prince Textreme Tour 95
Control,85,Prince Textreme Tour 95
Maneuverability,82,Prince Textreme Tour 95
Stability,84,Prince Textreme Tour 95
Comfort,87,Prince Textreme Tour 95
Touch/Feel,84,Prince Textreme Tour 95
Topspin,80,Prince Textreme Tour 95
Slice,84,Prince Textreme Tour 95
Overall,78,ProKennex Black Ace 315
Groundstrokes,77,ProKennex Black Ace 315
Volleys,77,ProKennex Black Ace 315
Serves,81,ProKennex Black Ace 315
Returns,77,ProKennex Black Ace 315
Power,75,ProKennex Black Ace 315
Control,78,ProKennex Black Ace 315
Maneuverability,79,ProKennex Black Ace 315
Stability,79,ProKennex Black Ace 315
Comfort,87,ProKennex Black Ace 315
Touch/Feel,80,ProKennex Black Ace 315
Topspin,82,ProKennex Black Ace 315
Slice,77,ProKennex Black Ace 315
Overall,85,Prince Phantom 93P 18x20
Groundstrokes,84,Prince Phantom 93P 18x20
Volleys,85,Prince Phantom 93P 18x20
Serves,83,Prince Phantom 93P 18x20
Returns,81,Prince Phantom 93P 18x20
Power,73,Prince Phantom 93P 18x20
Control,90,Prince Phantom 93P 18x20
Maneuverability,78,Prince Phantom 93P 18x20
Stability,86,Prince Phantom 93P 18x20
Comfort,87,Prince Phantom 93P 18x20
Touch/Feel,90,Prince Phantom 93P 18x20
Topspin,78,Prince Phantom 93P 18x20
Slice,87,Prince Phantom 93P 18x20
Overall,83,Yonex VCORE PRO 100
Groundstrokes,83,Yonex VCORE PRO 100
Volleys,82,Yonex VCORE PRO 100
Serves,80,Yonex VCORE PRO 100
Returns,82,Yonex VCORE PRO 100
Power,82,Yonex VCORE PRO 100
Control,83,Yonex VCORE PRO 100
Maneuverability,84,Yonex VCORE PRO 100
Stability,81,Yonex VCORE PRO 100
Comfort,84,Yonex VCORE PRO 100
Touch/Feel,85,Yonex VCORE PRO 100
Topspin,85,Yonex VCORE PRO 100
Slice,80,Yonex VCORE PRO 100
Overall,84,Head Prestige MP 2021
Groundstrokes,84,Head Prestige MP 2021
Volleys,81,Head Prestige MP 2021
Serves,79,Head Prestige MP 2021
Returns,82,Head Prestige MP 2021
Power,80,Head Prestige MP 2021
Control,85,Head Prestige MP 2021
Maneuverability,74,Head Prestige MP 2021
Stability,85,Head Prestige MP 2021
Comfort,82,Head Prestige MP 2021
Touch/Feel,81,Head Prestige MP 2021
Topspin,80,Head Prestige MP 2021
Slice,84,Head Prestige MP 2021
Overall,83,Wilson Blade 98 16x19 v8
Groundstrokes,83,Wilson Blade 98 16x19 v8
Volleys,80,Wilson Blade 98 16x19 v8
Serves,84,Wilson Blade 98 16x19 v8
Returns,75,Wilson Blade 98 16x19 v8
Power,77,Wilson Blade 98 16x19 v8
Control,79,Wilson Blade 98 16x19 v8
Maneuverability,79,Wilson Blade 98 16x19 v8
Stability,78,Wilson Blade 98 16x19 v8
Comfort,83,Wilson Blade 98 16x19 v8
Touch/Feel,81,Wilson Blade 98 16x19 v8
Topspin,85,Wilson Blade 98 16x19 v8
Slice,79,Wilson Blade 98 16x19 v8
Overall,80,Dunlop SX 300 Tour
Groundstrokes,81,Dunlop SX 300 Tour
Volleys,82,Dunlop SX 300 Tour
Serves,84,Dunlop SX 300 Tour
Returns,80,Dunlop SX 300 Tour
Power,86,Dunlop SX 300 Tour
Control,74,Dunlop SX 300 Tour
Maneuverability,83,Dunlop SX 300 Tour
Stability,77,Dunlop SX 300 Tour
Comfort,79,Dunlop SX 300 Tour
Touch/Feel,78,Dunlop SX 300 Tour
Topspin,89,Dunlop SX 300 Tour
Slice,81,Dunlop SX 300 Tour
Overall,81,Dunlop CX 200 Tour 16x19
Groundstrokes,81,Dunlop CX 200 Tour 16x19
Volleys,84,Dunlop CX 200 Tour 16x19
Serves,79,Dunlop CX 200 Tour 16x19
Returns,80,Dunlop CX 200 Tour 16x19
Power,72,Dunlop CX 200 Tour 16x19
Control,84,Dunlop CX 200 Tour 16x19
Maneuverability,82,Dunlop CX 200 Tour 16x19
Stability,77,Dunlop CX 200 Tour 16x19
Comfort,88,Dunlop CX 200 Tour 16x19
Touch/Feel,85,Dunlop CX 200 Tour 16x19
Topspin,81,Dunlop CX 200 Tour 16x19
Slice,82,Dunlop CX 200 Tour 16x19
Overall,82,Prince Ripstick 100 300g
Groundstrokes,84,Prince Ripstick 100 300g
Volleys,84,Prince Ripstick 100 300g
Serves,85,Prince Ripstick 100 300g
Returns,83,Prince Ripstick 100 300g
Power,87,Prince Ripstick 100 300g
Control,82,Prince Ripstick 100 300g
Maneuverability,82,Prince Ripstick 100 300g
Stability,85,Prince Ripstick 100 300g
Comfort,86,Prince Ripstick 100 300g
Touch/Feel,81,Prince Ripstick 100 300g
Topspin,87,Prince Ripstick 100 300g
Slice,83,Prince Ripstick 100 300g
Overall,83,Wilson Blade SW102 Autograph
Groundstrokes,79,Wilson Blade SW102 Autograph
Volleys,85,Wilson Blade SW102 Autograph
Serves,88,Wilson Blade SW102 Autograph
Returns,77,Wilson Blade SW102 Autograph
Power,93,Wilson Blade SW102 Autograph
Control,71,Wilson Blade SW102 Autograph
Maneuverability,62,Wilson Blade SW102 Autograph
Stability,93,Wilson Blade SW102 Autograph
Comfort,85,Wilson Blade SW102 Autograph
Touch/Feel,80,Wilson Blade SW102 Autograph
Topspin,82,Wilson Blade SW102 Autograph
Slice,85,Wilson Blade SW102 Autograph
Overall,86,Babolat Pure Drive Plus
Groundstrokes,87,Babolat Pure Drive Plus
Volleys,87,Babolat Pure Drive Plus
Serves,85,Babolat Pure Drive Plus
Returns,85,Babolat Pure Drive Plus
Power,87,Babolat Pure Drive Plus
Control,83,Babolat Pure Drive Plus
Maneuverability,82,Babolat Pure Drive Plus
Stability,88,Babolat Pure Drive Plus
Comfort,83,Babolat Pure Drive Plus
Touch/Feel,82,Babolat Pure Drive Plus
Topspin,89,Babolat Pure Drive Plus
Slice,85,Babolat Pure Drive Plus
Overall,87,Head Gravity Pro
Groundstrokes,87,Head Gravity Pro
Volleys,86,Head Gravity Pro
Serves,84,Head Gravity Pro
Returns,85,Head Gravity Pro
Power,81,Head Gravity Pro
Control,90,Head Gravity Pro
Maneuverability,78,Head Gravity Pro
Stability,88,Head Gravity Pro
Comfort,89,Head Gravity Pro
Touch/Feel,87,Head Gravity Pro
Topspin,86,Head Gravity Pro
Slice,88,Head Gravity Pro
Overall,80,Head Prestige Tour 2021
Groundstrokes,85,Head Prestige Tour 2021
Volleys,85,Head Prestige Tour 2021
Serves,82,Head Prestige Tour 2021
Returns,83,Head Prestige Tour 2021
Power,76,Head Prestige Tour 2021
Control,85,Head Prestige Tour 2021
Maneuverability,81,Head Prestige Tour 2021
Stability,85,Head Prestige Tour 2021
Comfort,78,Head Prestige Tour 2021
Touch/Feel,80,Head Prestige Tour 2021
Topspin,71,Head Prestige Tour 2021
Slice,83,Head Prestige Tour 2021
Overall,79,Prince Vortex 310g
Groundstrokes,81,Prince Vortex 310g
Volleys,83,Prince Vortex 310g
Serves,80,Prince Vortex 310g
Returns,84,Prince Vortex 310g
Power,81,Prince Vortex 310g
Control,76,Prince Vortex 310g
Maneuverability,83,Prince Vortex 310g
Stability,79,Prince Vortex 310g
Comfort,77,Prince Vortex 310g
Touch/Feel,78,Prince Vortex 310g
Topspin,85,Prince Vortex 310g
Slice,85,Prince Vortex 310g
Overall,81,Solinco Blackout 300 XTD
Groundstrokes,81,Solinco Blackout 300 XTD
Volleys,82,Solinco Blackout 300 XTD
Serves,89,Solinco Blackout 300 XTD
Returns,81,Solinco Blackout 300 XTD
Power,93,Solinco Blackout 300 XTD
Control,76,Solinco Blackout 300 XTD
Maneuverability,77,Solinco Blackout 300 XTD
Stability,87,Solinco Blackout 300 XTD
Comfort,79,Solinco Blackout 300 XTD
Touch/Feel,80,Solinco Blackout 300 XTD
Topspin,83,Solinco Blackout 300 XTD
Slice,85,Solinco Blackout 300 XTD
Overall,81,Volkl V-Cell 8 300g
Groundstrokes,83,Volkl V-Cell 8 300g
Volleys,82,Volkl V-Cell 8 300g
Serves,80,Volkl V-Cell 8 300g
Returns,81,Volkl V-Cell 8 300g
Power,88,Volkl V-Cell 8 300g
Control,78,Volkl V-Cell 8 300g
Maneuverability,90,Volkl V-Cell 8 300g
Stability,80,Volkl V-Cell 8 300g
Comfort,85,Volkl V-Cell 8 300g
Touch/Feel,78,Volkl V-Cell 8 300g
Topspin,89,Volkl V-Cell 8 300g
Slice,81,Volkl V-Cell 8 300g
Overall,80,ProKennex Ki Q+ Tour Racquet  Review
Groundstrokes,79,ProKennex Ki Q+ Tour Racquet  Review
Volleys,84,ProKennex Ki Q+ Tour Racquet  Review
Serves,81,ProKennex Ki Q+ Tour Racquet  Review
Returns,80,ProKennex Ki Q+ Tour Racquet  Review
Power,76,ProKennex Ki Q+ Tour Racquet  Review
Control,80,ProKennex Ki Q+ Tour Racquet  Review
Maneuverability,81,ProKennex Ki Q+ Tour Racquet  Review
Stability,79,ProKennex Ki Q+ Tour Racquet  Review
Comfort,91,ProKennex Ki Q+ Tour Racquet  Review
Touch/Feel,76,ProKennex Ki Q+ Tour Racquet  Review
Topspin,79,ProKennex Ki Q+ Tour Racquet  Review
Slice,76,ProKennex Ki Q+ Tour Racquet  Review
Overall,81,Head Boom MP 2022
Groundstrokes,80,Head Boom MP 2022
Volleys,78,Head Boom MP 2022
Serves,88,Head Boom MP 2022
Returns,77,Head Boom MP 2022
Power,84,Head Boom MP 2022
Control,77,Head Boom MP 2022
Maneuverability,90,Head Boom MP 2022
Stability,76,Head Boom MP 2022
Comfort,87,Head Boom MP 2022
Touch/Feel,80,Head Boom MP 2022
Topspin,87,Head Boom MP 2022
Slice,77,Head Boom MP 2022
Overall,82,Prince Synergy 98
Groundstrokes,83,Prince Synergy 98
Volleys,82,Prince Synergy 98
Serves,80,Prince Synergy 98
Returns,83,Prince Synergy 98
Power,79,Prince Synergy 98
Control,86,Prince Synergy 98
Maneuverability,78,Prince Synergy 98
Stability,82,Prince Synergy 98
Comfort,83,Prince Synergy 98
Touch/Feel,83,Prince Synergy 98
Topspin,80,Prince Synergy 98
Slice,85,Prince Synergy 98
Overall,87,Prince Textreme Tour 100P
Groundstrokes,85,Prince Textreme Tour 100P
Volleys,86,Prince Textreme Tour 100P
Serves,84,Prince Textreme Tour 100P
Returns,86,Prince Textreme Tour 100P
Power,83,Prince Textreme Tour 100P
Control,85,Prince Textreme Tour 100P
Maneuverability,84,Prince Textreme Tour 100P
Stability,82,Prince Textreme Tour 100P
Comfort,85,Prince Textreme Tour 100P
Touch/Feel,85,Prince Textreme Tour 100P
Topspin,85,Prince Textreme Tour 100P
Slice,89,Prince Textreme Tour 100P
Overall,84,Head Graphene 360+ Extreme MP
Groundstrokes,81,Head Graphene 360+ Extreme MP
Volleys,85,Head Graphene 360+ Extreme MP
Serves,85,Head Graphene 360+ Extreme MP
Returns,81,Head Graphene 360+ Extreme MP
Power,88,Head Graphene 360+ Extreme MP
Control,79,Head Graphene 360+ Extreme MP
Maneuverability,82,Head Graphene 360+ Extreme MP
Stability,85,Head Graphene 360+ Extreme MP
Comfort,80,Head Graphene 360+ Extreme MP
Touch/Feel,85,Head Graphene 360+ Extreme MP
Topspin,85,Head Graphene 360+ Extreme MP
Slice,84,Head Graphene 360+ Extreme MP
Overall,88,Prince Phantom Pro 100
Groundstrokes,86,Prince Phantom Pro 100
Volleys,88,Prince Phantom Pro 100
Serves,82,Prince Phantom Pro 100
Returns,85,Prince Phantom Pro 100
Power,81,Prince Phantom Pro 100
Control,83,Prince Phantom Pro 100
Maneuverability,87,Prince Phantom Pro 100
Stability,83,Prince Phantom Pro 100
Comfort,94,Prince Phantom Pro 100
Touch/Feel,87,Prince Phantom Pro 100
Topspin,86,Prince Phantom Pro 100
Slice,87,Prince Phantom Pro 100
Overall,88,Yonex VCORE PRO 97D
Groundstrokes,87,Yonex VCORE PRO 97D
Volleys,88,Yonex VCORE PRO 97D
Serves,87,Yonex VCORE PRO 97D
Returns,84,Yonex VCORE PRO 97D
Power,83,Yonex VCORE PRO 97D
Control,88,Yonex VCORE PRO 97D
Maneuverability,81,Yonex VCORE PRO 97D
Stability,87,Yonex VCORE PRO 97D
Comfort,82,Yonex VCORE PRO 97D
Touch/Feel,86,Yonex VCORE PRO 97D
Topspin,82,Yonex VCORE PRO 97D
Slice,89,Yonex VCORE PRO 97D
Overall,85,Wilson Blade 98 18x20 v8
Groundstrokes,85,Wilson Blade 98 18x20 v8
Volleys,84,Wilson Blade 98 18x20 v8
Serves,82,Wilson Blade 98 18x20 v8
Returns,84,Wilson Blade 98 18x20 v8
Power,76,Wilson Blade 98 18x20 v8
Control,89,Wilson Blade 98 18x20 v8
Maneuverability,81,Wilson Blade 98 18x20 v8
Stability,85,Wilson Blade 98 18x20 v8
Comfort,88,Wilson Blade 98 18x20 v8
Touch/Feel,84,Wilson Blade 98 18x20 v8
Topspin,78,Wilson Blade 98 18x20 v8
Slice,85,Wilson Blade 98 18x20 v8
Overall,82,Yonex VCORE PRO 97H
Groundstrokes,78,Yonex VCORE PRO 97H
Volleys,85,Yonex VCORE PRO 97H
Serves,82,Yonex VCORE PRO 97H
Returns,77,Yonex VCORE PRO 97H
Power,84,Yonex VCORE PRO 97H
Control,85,Yonex VCORE PRO 97H
Maneuverability,72,Yonex VCORE PRO 97H
Stability,91,Yonex VCORE PRO 97H
Comfort,89,Yonex VCORE PRO 97H
Touch/Feel,85,Yonex VCORE PRO 97H
Topspin,80,Yonex VCORE PRO 97H
Slice,86,Yonex VCORE PRO 97H
Overall,88,Prince Twistpower X100 Tour
Groundstrokes,88,Prince Twistpower X100 Tour
Volleys,85,Prince Twistpower X100 Tour
Serves,91,Prince Twistpower X100 Tour
Returns,86,Prince Twistpower X100 Tour
Power,88,Prince Twistpower X100 Tour
Control,82,Prince Twistpower X100 Tour
Maneuverability,84,Prince Twistpower X100 Tour
Stability,86,Prince Twistpower X100 Tour
Comfort,86,Prince Twistpower X100 Tour
Touch/Feel,85,Prince Twistpower X100 Tour
Topspin,86,Prince Twistpower X100 Tour
Slice,86,Prince Twistpower X100 Tour
Overall,81,Volkl V1 EVO
Groundstrokes,82,Volkl V1 EVO
Volleys,83,Volkl V1 EVO
Serves,75,Volkl V1 EVO
Returns,80,Volkl V1 EVO
Power,80,Volkl V1 EVO
Control,80,Volkl V1 EVO
Maneuverability,85,Volkl V1 EVO
Stability,78,Volkl V1 EVO
Comfort,90,Volkl V1 EVO
Touch/Feel,82,Volkl V1 EVO
Topspin,76,Volkl V1 EVO
Slice,75,Volkl V1 EVO
Overall,86,Wilson Pro Staff 97 v14
Groundstrokes,87,Wilson Pro Staff 97 v14
Volleys,87,Wilson Pro Staff 97 v14
Serves,87,Wilson Pro Staff 97 v14
Returns,86,Wilson Pro Staff 97 v14
Power,83,Wilson Pro Staff 97 v14
Control,85,Wilson Pro Staff 97 v14
Maneuverability,80,Wilson Pro Staff 97 v14
Stability,88,Wilson Pro Staff 97 v14
Comfort,83,Wilson Pro Staff 97 v14
Touch/Feel,85,Wilson Pro Staff 97 v14
Topspin,86,Wilson Pro Staff 97 v14
Slice,85,Wilson Pro Staff 97 v14
Overall,81,Tecnifibre TFight ISO 295
Groundstrokes,84,Tecnifibre TFight ISO 295
Volleys,82,Tecnifibre TFight ISO 295
Serves,81,Tecnifibre TFight ISO 295
Returns,80,Tecnifibre TFight ISO 295
Power,82,Tecnifibre TFight ISO 295
Control,80,Tecnifibre TFight ISO 295
Maneuverability,81,Tecnifibre TFight ISO 295
Stability,80,Tecnifibre TFight ISO 295
Comfort,81,Tecnifibre TFight ISO 295
Touch/Feel,82,Tecnifibre TFight ISO 295
Topspin,82,Tecnifibre TFight ISO 295
Slice,77,Tecnifibre TFight ISO 295
Overall,81,Head Extreme Tour
Groundstrokes,81,Head Extreme Tour
Volleys,80,Head Extreme Tour
Serves,82,Head Extreme Tour
Returns,76,Head Extreme Tour
Power,78,Head Extreme Tour
Control,75,Head Extreme Tour
Maneuverability,83,Head Extreme Tour
Stability,80,Head Extreme Tour
Comfort,84,Head Extreme Tour
Touch/Feel,78,Head Extreme Tour
Topspin,87,Head Extreme Tour
Slice,79,Head Extreme Tour
Overall,88,Head Prestige Pro 2021
Groundstrokes,88,Head Prestige Pro 2021
Volleys,88,Head Prestige Pro 2021
Serves,85,Head Prestige Pro 2021
Returns,83,Head Prestige Pro 2021
Power,81,Head Prestige Pro 2021
Control,89,Head Prestige Pro 2021
Maneuverability,80,Head Prestige Pro 2021
Stability,87,Head Prestige Pro 2021
Comfort,89,Head Prestige Pro 2021
Touch/Feel,90,Head Prestige Pro 2021
Topspin,80,Head Prestige Pro 2021
Slice,84,Head Prestige Pro 2021
Overall,86,Prince ATS Textreme Tour 100P
Groundstrokes,86,Prince ATS Textreme Tour 100P
Volleys,84,Prince ATS Textreme Tour 100P
Serves,84,Prince ATS Textreme Tour 100P
Returns,85,Prince ATS Textreme Tour 100P
Power,81,Prince ATS Textreme Tour 100P
Control,86,Prince ATS Textreme Tour 100P
Maneuverability,88,Prince ATS Textreme Tour 100P
Stability,83,Prince ATS Textreme Tour 100P
Comfort,85,Prince ATS Textreme Tour 100P
Touch/Feel,85,Prince ATS Textreme Tour 100P
Topspin,84,Prince ATS Textreme Tour 100P
Slice,85,Prince ATS Textreme Tour 100P
Overall,77,Volkl V-Cell 8 315g
Groundstrokes,78,Volkl V-Cell 8 315g
Volleys,77,Volkl V-Cell 8 315g
Serves,82,Volkl V-Cell 8 315g
Returns,75,Volkl V-Cell 8 315g
Power,86,Volkl V-Cell 8 315g
Control,70,Volkl V-Cell 8 315g
Maneuverability,86,Volkl V-Cell 8 315g
Stability,74,Volkl V-Cell 8 315g
Comfort,77,Volkl V-Cell 8 315g
Touch/Feel,71,Volkl V-Cell 8 315g
Topspin,85,Volkl V-Cell 8 315g
Slice,76,Volkl V-Cell 8 315g
Overall,85,Wilson Clash 100 Tour
Groundstrokes,84,Wilson Clash 100 Tour
Volleys,82,Wilson Clash 100 Tour
Serves,85,Wilson Clash 100 Tour
Returns,85,Wilson Clash 100 Tour
Power,89,Wilson Clash 100 Tour
Control,79,Wilson Clash 100 Tour
Maneuverability,85,Wilson Clash 100 Tour
Stability,84,Wilson Clash 100 Tour
Comfort,89,Wilson Clash 100 Tour
Touch/Feel,77,Wilson Clash 100 Tour
Topspin,85,Wilson Clash 100 Tour
Slice,80,Wilson Clash 100 Tour
Overall,84,Yonex VCORE 100+
Groundstrokes,85,Yonex VCORE 100+
Volleys,84,Yonex VCORE 100+
Serves,86,Yonex VCORE 100+
Returns,79,Yonex VCORE 100+
Power,87,Yonex VCORE 100+
Control,83,Yonex VCORE 100+
Maneuverability,80,Yonex VCORE 100+
Stability,84,Yonex VCORE 100+
Comfort,84,Yonex VCORE 100+
Touch/Feel,80,Yonex VCORE 100+
Topspin,83,Yonex VCORE 100+
Slice,86,Yonex VCORE 100+
Overall,87,Pure Aero Tour 2019
Groundstrokes,88,Pure Aero Tour 2019
Volleys,88,Pure Aero Tour 2019
Serves,90,Pure Aero Tour 2019
Returns,85,Pure Aero Tour 2019
Power,87,Pure Aero Tour 2019
Control,82,Pure Aero Tour 2019
Maneuverability,83,Pure Aero Tour 2019
Stability,87,Pure Aero Tour 2019
Comfort,82,Pure Aero Tour 2019
Touch/Feel,80,Pure Aero Tour 2019
Topspin,90,Pure Aero Tour 2019
Slice,86,Pure Aero Tour 2019
Overall,85,Yonex EZONE 98 Tour
Groundstrokes,87,Yonex EZONE 98 Tour
Volleys,85,Yonex EZONE 98 Tour
Serves,84,Yonex EZONE 98 Tour
Returns,85,Yonex EZONE 98 Tour
Power,85,Yonex EZONE 98 Tour
Control,83,Yonex EZONE 98 Tour
Maneuverability,77,Yonex EZONE 98 Tour
Stability,89,Yonex EZONE 98 Tour
Comfort,85,Yonex EZONE 98 Tour
Touch/Feel,82,Yonex EZONE 98 Tour
Topspin,84,Yonex EZONE 98 Tour
Slice,83,Yonex EZONE 98 Tour
Overall,84,Prince Twistpower X105 (290g)
Groundstrokes,84,Prince Twistpower X105 (290g)
Volleys,83,Prince Twistpower X105 (290g)
Serves,81,Prince Twistpower X105 (290g)
Returns,81,Prince Twistpower X105 (290g)
Power,87,Prince Twistpower X105 (290g)
Control,79,Prince Twistpower X105 (290g)
Maneuverability,90,Prince Twistpower X105 (290g)
Stability,75,Prince Twistpower X105 (290g)
Comfort,85,Prince Twistpower X105 (290g)
Touch/Feel,81,Prince Twistpower X105 (290g)
Topspin,84,Prince Twistpower X105 (290g)
Slice,81,Prince Twistpower X105 (290g)
Overall,84,Prince ATS Textreme Tour 100 310
Groundstrokes,84,Prince ATS Textreme Tour 100 310
Volleys,84,Prince ATS Textreme Tour 100 310
Serves,82,Prince ATS Textreme Tour 100 310
Returns,82,Prince ATS Textreme Tour 100 310
Power,82,Prince ATS Textreme Tour 100 310
Control,83,Prince ATS Textreme Tour 100 310
Maneuverability,80,Prince ATS Textreme Tour 100 310
Stability,85,Prince ATS Textreme Tour 100 310
Comfort,86,Prince ATS Textreme Tour 100 310
Touch/Feel,86,Prince ATS Textreme Tour 100 310
Topspin,84,Prince ATS Textreme Tour 100 310
Slice,84,Prince ATS Textreme Tour 100 310
Overall,83,ProKennex Black Ace 105 Racquet  Review
Groundstrokes,83,ProKennex Black Ace 105 Racquet  Review
Volleys,82,ProKennex Black Ace 105 Racquet  Review
Serves,84,ProKennex Black Ace 105 Racquet  Review
Returns,82,ProKennex Black Ace 105 Racquet  Review
Power,87,ProKennex Black Ace 105 Racquet  Review
Control,79,ProKennex Black Ace 105 Racquet  Review
Maneuverability,80,ProKennex Black Ace 105 Racquet  Review
Stability,84,ProKennex Black Ace 105 Racquet  Review
Comfort,91,ProKennex Black Ace 105 Racquet  Review
Touch/Feel,81,ProKennex Black Ace 105 Racquet  Review
Topspin,82,ProKennex Black Ace 105 Racquet  Review
Slice,83,ProKennex Black Ace 105 Racquet  Review
Overall,84,Yonex VCORE 98+
Groundstrokes,83,Yonex VCORE 98+
Volleys,83,Yonex VCORE 98+
Serves,88,Yonex VCORE 98+
Returns,83,Yonex VCORE 98+
Power,87,Yonex VCORE 98+
Control,76,Yonex VCORE 98+
Maneuverability,78,Yonex VCORE 98+
Stability,86,Yonex VCORE 98+
Comfort,85,Yonex VCORE 98+
Touch/Feel,81,Yonex VCORE 98+
Topspin,87,Yonex VCORE 98+
Slice,82,Yonex VCORE 98+
Overall,82,Head Extreme MP
Groundstrokes,83,Head Extreme MP
Volleys,77,Head Extreme MP
Serves,82,Head Extreme MP
Returns,83,Head Extreme MP
Power,83,Head Extreme MP
Control,81,Head Extreme MP
Maneuverability,88,Head Extreme MP
Stability,78,Head Extreme MP
Comfort,82,Head Extreme MP
Touch/Feel,81,Head Extreme MP
Topspin,87,Head Extreme MP
Slice,78,Head Extreme MP
Overall,81,Babolat Pure Strike 18x20 3rd Gen Racquet  Review
Groundstrokes,82,Babolat Pure Strike 18x20 3rd Gen Racquet  Review
Volleys,86,Babolat Pure Strike 18x20 3rd Gen Racquet  Review
Serves,84,Babolat Pure Strike 18x20 3rd Gen Racquet  Review
Returns,79,Babolat Pure Strike 18x20 3rd Gen Racquet  Review
Power,80,Babolat Pure Strike 18x20 3rd Gen Racquet  Review
Control,86,Babolat Pure Strike 18x20 3rd Gen Racquet  Review
Maneuverability,81,Babolat Pure Strike 18x20 3rd Gen Racquet  Review
Stability,85,Babolat Pure Strike 18x20 3rd Gen Racquet  Review
Comfort,81,Babolat Pure Strike 18x20 3rd Gen Racquet  Review
Touch/Feel,82,Babolat Pure Strike 18x20 3rd Gen Racquet  Review
Topspin,80,Babolat Pure Strike 18x20 3rd Gen Racquet  Review
Slice,85,Babolat Pure Strike 18x20 3rd Gen Racquet  Review
Overall,84,Yonex EZONE 100+
Groundstrokes,83,Yonex EZONE 100+
Volleys,81,Yonex EZONE 100+
Serves,85,Yonex EZONE 100+
Returns,83,Yonex EZONE 100+
Power,92,Yonex EZONE 100+
Control,75,Yonex EZONE 100+
Maneuverability,74,Yonex EZONE 100+
Stability,86,Yonex EZONE 100+
Comfort,82,Yonex EZONE 100+
Touch/Feel,82,Yonex EZONE 100+
Topspin,81,Yonex EZONE 100+
Slice,80,Yonex EZONE 100+
Overall,83,Wilson Pro Staff Six.One 100 v13
Groundstrokes,82,Wilson Pro Staff Six.One 100 v13
Volleys,83,Wilson Pro Staff Six.One 100 v13
Serves,87,Wilson Pro Staff Six.One 100 v13
Returns,79,Wilson Pro Staff Six.One 100 v13
Power,82,Wilson Pro Staff Six.One 100 v13
Control,79,Wilson Pro Staff Six.One 100 v13
Maneuverability,83,Wilson Pro Staff Six.One 100 v13
Stability,80,Wilson Pro Staff Six.One 100 v13
Comfort,83,Wilson Pro Staff Six.One 100 v13
Touch/Feel,80,Wilson Pro Staff Six.One 100 v13
Topspin,84,Wilson Pro Staff Six.One 100 v13
Slice,80,Wilson Pro Staff Six.One 100 v13
Overall,84,Prince Phantom 93P 14x18 Review
Groundstrokes,83,Prince Phantom 93P 14x18 Review
Volleys,86,Prince Phantom 93P 14x18 Review
Serves,83,Prince Phantom 93P 14x18 Review
Returns,80,Prince Phantom 93P 14x18 Review
Power,77,Prince Phantom 93P 14x18 Review
Control,85,Prince Phantom 93P 14x18 Review
Maneuverability,80,Prince Phantom 93P 14x18 Review
Stability,88,Prince Phantom 93P 14x18 Review
Comfort,92,Prince Phantom 93P 14x18 Review
Touch/Feel,88,Prince Phantom 93P 14x18 Review
Topspin,88,Prince Phantom 93P 14x18 Review
Slice,86,Prince Phantom 93P 14x18 Review
Overall,87,Head Graphene 360+ Speed MP
Groundstrokes,88,Head Graphene 360+ Speed MP
Volleys,85,Head Graphene 360+ Speed MP
Serves,84,Head Graphene 360+ Speed MP
Returns,88,Head Graphene 360+ Speed MP
Power,87,Head Graphene 360+ Speed MP
Control,85,Head Graphene 360+ Speed MP
Maneuverability,85,Head Graphene 360+ Speed MP
Stability,85,Head Graphene 360+ Speed MP
Comfort,84,Head Graphene 360+ Speed MP
Touch/Feel,86,Head Graphene 360+ Speed MP
Topspin,88,Head Graphene 360+ Speed MP
Slice,86,Head Graphene 360+ Speed MP
Overall,84,Prince Phantom 107G
Groundstrokes,82,Prince Phantom 107G
Volleys,82,Prince Phantom 107G
Serves,81,Prince Phantom 107G
Returns,83,Prince Phantom 107G
Power,84,Prince Phantom 107G
Control,78,Prince Phantom 107G
Maneuverability,85,Prince Phantom 107G
Stability,82,Prince Phantom 107G
Comfort,90,Prince Phantom 107G
Touch/Feel,86,Prince Phantom 107G
Topspin,87,Prince Phantom 107G
Slice,86,Prince Phantom 107G
Overall,87,Yonex EZONE 100
Groundstrokes,88,Yonex EZONE 100
Volleys,85,Yonex EZONE 100
Serves,85,Yonex EZONE 100
Returns,86,Yonex EZONE 100
Power,86,Yonex EZONE 100
Control,85,Yonex EZONE 100
Maneuverability,85,Yonex EZONE 100
Stability,83,Yonex EZONE 100
Comfort,85,Yonex EZONE 100
Touch/Feel,87,Yonex EZONE 100
Topspin,85,Yonex EZONE 100
Slice,83,Yonex EZONE 100
Overall,84,Wilson Clash 98 v2
Groundstrokes,83,Wilson Clash 98 v2
Volleys,80,Wilson Clash 98 v2
Serves,81,Wilson Clash 98 v2
Returns,81,Wilson Clash 98 v2
Power,82,Wilson Clash 98 v2
Control,82,Wilson Clash 98 v2
Maneuverability,82,Wilson Clash 98 v2
Stability,82,Wilson Clash 98 v2
Comfort,85,Wilson Clash 98 v2
Touch/Feel,83,Wilson Clash 98 v2
Topspin,84,Wilson Clash 98 v2
Slice,93,Wilson Clash 98 v2
Overall,83,Prince Phantom 100X 18x20
Groundstrokes,84,Prince Phantom 100X 18x20
Volleys,83,Prince Phantom 100X 18x20
Serves,82,Prince Phantom 100X 18x20
Returns,80,Prince Phantom 100X 18x20
Power,76,Prince Phantom 100X 18x20
Control,85,Prince Phantom 100X 18x20
Maneuverability,83,Prince Phantom 100X 18x20
Stability,80,Prince Phantom 100X 18x20
Comfort,90,Prince Phantom 100X 18x20
Touch/Feel,86,Prince Phantom 100X 18x20
Topspin,81,Prince Phantom 100X 18x20
Slice,83,Prince Phantom 100X 18x20
Overall,87,Babolat Pure Drive 2021
Groundstrokes,85,Babolat Pure Drive 2021
Volleys,83,Babolat Pure Drive 2021
Serves,87,Babolat Pure Drive 2021
Returns,85,Babolat Pure Drive 2021
Power,92,Babolat Pure Drive 2021
Control,80,Babolat Pure Drive 2021
Maneuverability,85,Babolat Pure Drive 2021
Stability,85,Babolat Pure Drive 2021
Comfort,82,Babolat Pure Drive 2021
Touch/Feel,79,Babolat Pure Drive 2021
Topspin,83,Babolat Pure Drive 2021
Slice,86,Babolat Pure Drive 2021
Overall,84,Babolat Pure Drive 107
Groundstrokes,87,Babolat Pure Drive 107
Volleys,86,Babolat Pure Drive 107
Serves,83,Babolat Pure Drive 107
Returns,84,Babolat Pure Drive 107
Power,88,Babolat Pure Drive 107
Control,80,Babolat Pure Drive 107
Maneuverability,79,Babolat Pure Drive 107
Stability,85,Babolat Pure Drive 107
Comfort,78,Babolat Pure Drive 107
Touch/Feel,78,Babolat Pure Drive 107
Topspin,86,Babolat Pure Drive 107
Slice,82,Babolat Pure Drive 107
Overall,83,Wilson Blade 104 v8
Groundstrokes,83,Wilson Blade 104 v8
Volleys,83,Wilson Blade 104 v8
Serves,84,Wilson Blade 104 v8
Returns,82,Wilson Blade 104 v8
Power,87,Wilson Blade 104 v8
Control,77,Wilson Blade 104 v8
Maneuverability,84,Wilson Blade 104 v8
Stability,79,Wilson Blade 104 v8
Comfort,83,Wilson Blade 104 v8
Touch/Feel,83,Wilson Blade 104 v8
Topspin,84,Wilson Blade 104 v8
Slice,79,Wilson Blade 104 v8
Overall,80,ProKennex Black Ace 300
Groundstrokes,81,ProKennex Black Ace 300
Volleys,77,ProKennex Black Ace 300
Serves,82,ProKennex Black Ace 300
Returns,82,ProKennex Black Ace 300
Power,76,ProKennex Black Ace 300
Control,83,ProKennex Black Ace 300
Maneuverability,87,ProKennex Black Ace 300
Stability,80,ProKennex Black Ace 300
Comfort,93,ProKennex Black Ace 300
Touch/Feel,84,ProKennex Black Ace 300
Topspin,86,ProKennex Black Ace 300
Slice,83,ProKennex Black Ace 300
Overall,80,Babolat Pure Aero Team 2023
Groundstrokes,80,Babolat Pure Aero Team 2023
Volleys,79,Babolat Pure Aero Team 2023
Serves,81,Babolat Pure Aero Team 2023
Returns,79,Babolat Pure Aero Team 2023
Power,83,Babolat Pure Aero Team 2023
Control,76,Babolat Pure Aero Team 2023
Maneuverability,90,Babolat Pure Aero Team 2023
Stability,72,Babolat Pure Aero Team 2023
Comfort,75,Babolat Pure Aero Team 2023
Touch/Feel,78,Babolat Pure Aero Team 2023
Topspin,88,Babolat Pure Aero Team 2023
Slice,78,Babolat Pure Aero Team 2023
Overall,82,Dunlop CX 200 Tour 18x20
Groundstrokes,80,Dunlop CX 200 Tour 18x20
Volleys,83,Dunlop CX 200 Tour 18x20
Serves,77,Dunlop CX 200 Tour 18x20
Returns,80,Dunlop CX 200 Tour 18x20
Power,71,Dunlop CX 200 Tour 18x20
Control,88,Dunlop CX 200 Tour 18x20
Maneuverability,81,Dunlop CX 200 Tour 18x20
Stability,79,Dunlop CX 200 Tour 18x20
Comfort,90,Dunlop CX 200 Tour 18x20
Touch/Feel,89,Dunlop CX 200 Tour 18x20
Topspin,81,Dunlop CX 200 Tour 18x20
Slice,85,Dunlop CX 200 Tour 18x20
Overall,86,Head Boom Pro 2022
Groundstrokes,86,Head Boom Pro 2022
Volleys,86,Head Boom Pro 2022
Serves,85,Head Boom Pro 2022
Returns,85,Head Boom Pro 2022
Power,87,Head Boom Pro 2022
Control,84,Head Boom Pro 2022
Maneuverability,84,Head Boom Pro 2022
Stability,84,Head Boom Pro 2022
Comfort,86,Head Boom Pro 2022
Touch/Feel,86,Head Boom Pro 2022
Topspin,86,Head Boom Pro 2022
Slice,86,Head Boom Pro 2022
Overall,85,Tecnifibre TF40 315 16x19
Groundstrokes,86,Tecnifibre TF40 315 16x19
Volleys,87,Tecnifibre TF40 315 16x19
Serves,86,Tecnifibre TF40 315 16x19
Returns,82,Tecnifibre TF40 315 16x19
Power,83,Tecnifibre TF40 315 16x19
Control,85,Tecnifibre TF40 315 16x19
Maneuverability,85,Tecnifibre TF40 315 16x19
Stability,83,Tecnifibre TF40 315 16x19
Comfort,87,Tecnifibre TF40 315 16x19
Touch/Feel,88,Tecnifibre TF40 315 16x19
Topspin,85,Tecnifibre TF40 315 16x19
Slice,84,Tecnifibre TF40 315 16x19
Overall,86,Babolat Pure Aero Plus 2023
Groundstrokes,87,Babolat Pure Aero Plus 2023
Volleys,83,Babolat Pure Aero Plus 2023
Serves,91,Babolat Pure Aero Plus 2023
Returns,81,Babolat Pure Aero Plus 2023
Power,88,Babolat Pure Aero Plus 2023
Control,81,Babolat Pure Aero Plus 2023
Maneuverability,79,Babolat Pure Aero Plus 2023
Stability,87,Babolat Pure Aero Plus 2023
Comfort,82,Babolat Pure Aero Plus 2023
Touch/Feel,80,Babolat Pure Aero Plus 2023
Topspin,89,Babolat Pure Aero Plus 2023
Slice,82,Babolat Pure Aero Plus 2023
Overall,80,Lacoste L20
Groundstrokes,81,Lacoste L20
Volleys,82,Lacoste L20
Serves,80,Lacoste L20
Returns,79,Lacoste L20
Power,79,Lacoste L20
Control,81,Lacoste L20
Maneuverability,93,Lacoste L20
Stability,76,Lacoste L20
Comfort,81,Lacoste L20
Touch/Feel,80,Lacoste L20
Topspin,85,Lacoste L20
Slice,81,Lacoste L20
Overall,81,Prince Phantom 97P Review
Groundstrokes,82,Prince Phantom 97P Review
Volleys,83,Prince Phantom 97P Review
Serves,85,Prince Phantom 97P Review
Returns,84,Prince Phantom 97P Review
Power,77,Prince Phantom 97P Review
Control,85,Prince Phantom 97P Review
Maneuverability,83,Prince Phantom 97P Review
Stability,81,Prince Phantom 97P Review
Comfort,90,Prince Phantom 97P Review
Touch/Feel,89,Prince Phantom 97P Review
Topspin,85,Prince Phantom 97P Review
Slice,82,Prince Phantom 97P Review
Overall,86,Yonex EZONE 98+
Groundstrokes,88,Yonex EZONE 98+
Volleys,85,Yonex EZONE 98+
Serves,91,Yonex EZONE 98+
Returns,84,Yonex EZONE 98+
Power,90,Yonex EZONE 98+
Control,81,Yonex EZONE 98+
Maneuverability,79,Yonex EZONE 98+
Stability,87,Yonex EZONE 98+
Comfort,83,Yonex EZONE 98+
Touch/Feel,82,Yonex EZONE 98+
Topspin,85,Yonex EZONE 98+
Slice,84,Yonex EZONE 98+
Overall,81,Prince Tour Diablo MP
Groundstrokes,85,Prince Tour Diablo MP
Volleys,82,Prince Tour Diablo MP
Serves,86,Prince Tour Diablo MP
Returns,83,Prince Tour Diablo MP
Power,85,Prince Tour Diablo MP
Control,81,Prince Tour Diablo MP
Maneuverability,78,Prince Tour Diablo MP
Stability,79,Prince Tour Diablo MP
Comfort,77,Prince Tour Diablo MP
Touch/Feel,77,Prince Tour Diablo MP
Topspin,82,Prince Tour Diablo MP
Slice,86,Prince Tour Diablo MP
Overall,82,Prince O3 Legacy 105
Groundstrokes,81,Prince O3 Legacy 105
Volleys,80,Prince O3 Legacy 105
Serves,82,Prince O3 Legacy 105
Returns,77,Prince O3 Legacy 105
Power,85,Prince O3 Legacy 105
Control,77,Prince O3 Legacy 105
Maneuverability,88,Prince O3 Legacy 105
Stability,76,Prince O3 Legacy 105
Comfort,86,Prince O3 Legacy 105
Touch/Feel,80,Prince O3 Legacy 105
Topspin,86,Prince O3 Legacy 105
Slice,79,Prince O3 Legacy 105
Overall,86,Babolat Pure Aero Plus 2019
Groundstrokes,87,Babolat Pure Aero Plus 2019
Volleys,80,Babolat Pure Aero Plus 2019
Serves,89,Babolat Pure Aero Plus 2019
Returns,85,Babolat Pure Aero Plus 2019
Power,90,Babolat Pure Aero Plus 2019
Control,80,Babolat Pure Aero Plus 2019
Maneuverability,80,Babolat Pure Aero Plus 2019
Stability,82,Babolat Pure Aero Plus 2019
Comfort,79,Babolat Pure Aero Plus 2019
Touch/Feel,77,Babolat Pure Aero Plus 2019
Topspin,90,Babolat Pure Aero Plus 2019
Slice,83,Babolat Pure Aero Plus 2019
Overall,85,Yonex EZONE 100+ 2022
Groundstrokes,84,Yonex EZONE 100+ 2022
Volleys,80,Yonex EZONE 100+ 2022
Serves,88,Yonex EZONE 100+ 2022
Returns,83,Yonex EZONE 100+ 2022
Power,93,Yonex EZONE 100+ 2022
Control,79,Yonex EZONE 100+ 2022
Maneuverability,73,Yonex EZONE 100+ 2022
Stability,87,Yonex EZONE 100+ 2022
Comfort,85,Yonex EZONE 100+ 2022
Touch/Feel,84,Yonex EZONE 100+ 2022
Topspin,79,Yonex EZONE 100+ 2022
Slice,83,Yonex EZONE 100+ 2022
Overall,82,Wilson Clash 100 Pro v2
Groundstrokes,80,Wilson Clash 100 Pro v2
Volleys,80,Wilson Clash 100 Pro v2
Serves,84,Wilson Clash 100 Pro v2
Returns,78,Wilson Clash 100 Pro v2
Power,87,Wilson Clash 100 Pro v2
Control,76,Wilson Clash 100 Pro v2
Maneuverability,82,Wilson Clash 100 Pro v2
Stability,81,Wilson Clash 100 Pro v2
Comfort,85,Wilson Clash 100 Pro v2
Touch/Feel,77,Wilson Clash 100 Pro v2
Topspin,82,Wilson Clash 100 Pro v2
Slice,80,Wilson Clash 100 Pro v2
Overall,83,Babolat Pure Strike VS
Groundstrokes,82,Babolat Pure Strike VS
Volleys,84,Babolat Pure Strike VS
Serves,82,Babolat Pure Strike VS
Returns,81,Babolat Pure Strike VS
Power,80,Babolat Pure Strike VS
Control,83,Babolat Pure Strike VS
Maneuverability,85,Babolat Pure Strike VS
Stability,82,Babolat Pure Strike VS
Comfort,83,Babolat Pure Strike VS
Touch/Feel,84,Babolat Pure Strike VS
Topspin,81,Babolat Pure Strike VS
Slice,83,Babolat Pure Strike VS
Overall,83,Dunlop CX 200 OS
Groundstrokes,82,Dunlop CX 200 OS
Volleys,81,Dunlop CX 200 OS
Serves,82,Dunlop CX 200 OS
Returns,79,Dunlop CX 200 OS
Power,80,Dunlop CX 200 OS
Control,83,Dunlop CX 200 OS
Maneuverability,84,Dunlop CX 200 OS
Stability,77,Dunlop CX 200 OS
Comfort,85,Dunlop CX 200 OS
Touch/Feel,84,Dunlop CX 200 OS
Topspin,84,Dunlop CX 200 OS
Slice,82,Dunlop CX 200 OS
Overall,83,Tecnifibre TFight 300 RS
Groundstrokes,84,Tecnifibre TFight 300 RS
Volleys,82,Tecnifibre TFight 300 RS
Serves,83,Tecnifibre TFight 300 RS
Returns,82,Tecnifibre TFight 300 RS
Power,82,Tecnifibre TFight 300 RS
Control,83,Tecnifibre TFight 300 RS
Maneuverability,84,Tecnifibre TFight 300 RS
Stability,80,Tecnifibre TFight 300 RS
Comfort,83,Tecnifibre TFight 300 RS
Touch/Feel,82,Tecnifibre TFight 300 RS
Topspin,84,Tecnifibre TFight 300 RS
Slice,82,Tecnifibre TFight 300 RS
Overall,91,Prince ATS Textreme Tour 98
Groundstrokes,93,Prince ATS Textreme Tour 98
Volleys,89,Prince ATS Textreme Tour 98
Serves,91,Prince ATS Textreme Tour 98
Returns,88,Prince ATS Textreme Tour 98
Power,81,Prince ATS Textreme Tour 98
Control,87,Prince ATS Textreme Tour 98
Maneuverability,89,Prince ATS Textreme Tour 98
Stability,88,Prince ATS Textreme Tour 98
Comfort,88,Prince ATS Textreme Tour 98
Touch/Feel,87,Prince ATS Textreme Tour 98
Topspin,86,Prince ATS Textreme Tour 98
Slice,85,Prince ATS Textreme Tour 98
Overall,87,Wilson Clash 100
Groundstrokes,87,Wilson Clash 100
Volleys,85,Wilson Clash 100
Serves,80,Wilson Clash 100
Returns,86,Wilson Clash 100
Power,83,Wilson Clash 100
Control,88,Wilson Clash 100
Maneuverability,90,Wilson Clash 100
Stability,83,Wilson Clash 100
Comfort,90,Wilson Clash 100
Touch/Feel,87,Wilson Clash 100
Topspin,84,Wilson Clash 100
Slice,87,Wilson Clash 100
Overall,84,Yonex EZONE 98 2022
Groundstrokes,83,Yonex EZONE 98 2022
Volleys,84,Yonex EZONE 98 2022
Serves,85,Yonex EZONE 98 2022
Returns,79,Yonex EZONE 98 2022
Power,81,Yonex EZONE 98 2022
Control,84,Yonex EZONE 98 2022
Maneuverability,84,Yonex EZONE 98 2022
Stability,81,Yonex EZONE 98 2022
Comfort,85,Yonex EZONE 98 2022
Touch/Feel,84,Yonex EZONE 98 2022
Topspin,83,Yonex EZONE 98 2022
Slice,82,Yonex EZONE 98 2022
Overall,87,Wilson Clash 98
Groundstrokes,86,Wilson Clash 98
Volleys,81,Wilson Clash 98
Serves,85,Wilson Clash 98
Returns,84,Wilson Clash 98
Power,87,Wilson Clash 98
Control,80,Wilson Clash 98
Maneuverability,82,Wilson Clash 98
Stability,82,Wilson Clash 98
Comfort,86,Wilson Clash 98
Touch/Feel,82,Wilson Clash 98
Topspin,86,Wilson Clash 98
Slice,81,Wilson Clash 98
Overall,82,Tecnifibre TFight 315 RS
Groundstrokes,81,Tecnifibre TFight 315 RS
Volleys,83,Tecnifibre TFight 315 RS
Serves,81,Tecnifibre TFight 315 RS
Returns,82,Tecnifibre TFight 315 RS
Power,80,Tecnifibre TFight 315 RS
Control,83,Tecnifibre TFight 315 RS
Maneuverability,83,Tecnifibre TFight 315 RS
Stability,80,Tecnifibre TFight 315 RS
Comfort,80,Tecnifibre TFight 315 RS
Touch/Feel,81,Tecnifibre TFight 315 RS
Topspin,82,Tecnifibre TFight 315 RS
Slice,80,Tecnifibre TFight 315 RS
Overall,84,Head Radical MP 2023
Groundstrokes,85,Head Radical MP 2023
Volleys,80,Head Radical MP 2023
Serves,84,Head Radical MP 2023
Returns,80,Head Radical MP 2023
Power,84,Head Radical MP 2023
Control,84,Head Radical MP 2023
Maneuverability,83,Head Radical MP 2023
Stability,83,Head Radical MP 2023
Comfort,84,Head Radical MP 2023
Touch/Feel,82,Head Radical MP 2023
Topspin,84,Head Radical MP 2023
Slice,83,Head Radical MP 2023
Overall,85,Head Radical Pro 2023
Groundstrokes,87,Head Radical Pro 2023
Volleys,84,Head Radical Pro 2023
Serves,83,Head Radical Pro 2023
Returns,84,Head Radical Pro 2023
Power,82,Head Radical Pro 2023
Control,84,Head Radical Pro 2023
Maneuverability,78,Head Radical Pro 2023
Stability,86,Head Radical Pro 2023
Comfort,84,Head Radical Pro 2023
Touch/Feel,83,Head Radical Pro 2023
Topspin,84,Head Radical Pro 2023
Slice,84,Head Radical Pro 2023
Overall,87,Yonex EZONE 98 Tour 2022
Groundstrokes,88,Yonex EZONE 98 Tour 2022
Volleys,86,Yonex EZONE 98 Tour 2022
Serves,86,Yonex EZONE 98 Tour 2022
Returns,83,Yonex EZONE 98 Tour 2022
Power,86,Yonex EZONE 98 Tour 2022
Control,83,Yonex EZONE 98 Tour 2022
Maneuverability,78,Yonex EZONE 98 Tour 2022
Stability,89,Yonex EZONE 98 Tour 2022
Comfort,83,Yonex EZONE 98 Tour 2022
Touch/Feel,85,Yonex EZONE 98 Tour 2022
Topspin,84,Yonex EZONE 98 Tour 2022
Slice,83,Yonex EZONE 98 Tour 2022
Overall,84,Wilson Ultra 100 v4
Groundstrokes,85,Wilson Ultra 100 v4
Volleys,83,Wilson Ultra 100 v4
Serves,83,Wilson Ultra 100 v4
Returns,82,Wilson Ultra 100 v4
Power,85,Wilson Ultra 100 v4
Control,79,Wilson Ultra 100 v4
Maneuverability,86,Wilson Ultra 100 v4
Stability,80,Wilson Ultra 100 v4
Comfort,78,Wilson Ultra 100 v4
Touch/Feel,80,Wilson Ultra 100 v4
Topspin,86,Wilson Ultra 100 v4
Slice,78,Wilson Ultra 100 v4
Overall,86,Tecnifibre TF40 305 16x19
Groundstrokes,85,Tecnifibre TF40 305 16x19
Volleys,85,Tecnifibre TF40 305 16x19
Serves,85,Tecnifibre TF40 305 16x19
Returns,87,Tecnifibre TF40 305 16x19
Power,81,Tecnifibre TF40 305 16x19
Control,84,Tecnifibre TF40 305 16x19
Maneuverability,85,Tecnifibre TF40 305 16x19
Stability,83,Tecnifibre TF40 305 16x19
Comfort,85,Tecnifibre TF40 305 16x19
Touch/Feel,85,Tecnifibre TF40 305 16x19
Topspin,85,Tecnifibre TF40 305 16x19
Slice,83,Tecnifibre TF40 305 16x19
Overall,81,Volkl V8 Pro
Groundstrokes,80,Volkl V8 Pro
Volleys,82,Volkl V8 Pro
Serves,83,Volkl V8 Pro
Returns,80,Volkl V8 Pro
Power,84,Volkl V8 Pro
Control,80,Volkl V8 Pro
Maneuverability,83,Volkl V8 Pro
Stability,81,Volkl V8 Pro
Comfort,78,Volkl V8 Pro
Touch/Feel,79,Volkl V8 Pro
Topspin,83,Volkl V8 Pro
Slice,79,Volkl V8 Pro
Overall,80,Babolat Pure Strike 103
Groundstrokes,82,Babolat Pure Strike 103
Volleys,79,Babolat Pure Strike 103
Serves,82,Babolat Pure Strike 103
Returns,81,Babolat Pure Strike 103
Power,76,Babolat Pure Strike 103
Control,83,Babolat Pure Strike 103
Maneuverability,91,Babolat Pure Strike 103
Stability,77,Babolat Pure Strike 103
Comfort,82,Babolat Pure Strike 103
Touch/Feel,77,Babolat Pure Strike 103
Topspin,86,Babolat Pure Strike 103
Slice,76,Babolat Pure Strike 103
Overall,87,Prince Textreme Tour 100 (310)
Groundstrokes,89,Prince Textreme Tour 100 (310)
Volleys,85,Prince Textreme Tour 100 (310)
Serves,84,Prince Textreme Tour 100 (310)
Returns,86,Prince Textreme Tour 100 (310)
Power,85,Prince Textreme Tour 100 (310)
Control,85,Prince Textreme Tour 100 (310)
Maneuverability,86,Prince Textreme Tour 100 (310)
Stability,85,Prince Textreme Tour 100 (310)
Comfort,87,Prince Textreme Tour 100 (310)
Touch/Feel,86,Prince Textreme Tour 100 (310)
Topspin,87,Prince Textreme Tour 100 (310)
Slice,85,Prince Textreme Tour 100 (310)
Overall,82,Prince Phantom 100G LB
Groundstrokes,86,Prince Phantom 100G LB
Volleys,82,Prince Phantom 100G LB
Serves,86,Prince Phantom 100G LB
Returns,83,Prince Phantom 100G LB
Power,82,Prince Phantom 100G LB
Control,81,Prince Phantom 100G LB
Maneuverability,73,Prince Phantom 100G LB
Stability,85,Prince Phantom 100G LB
Comfort,87,Prince Phantom 100G LB
Touch/Feel,83,Prince Phantom 100G LB
Topspin,85,Prince Phantom 100G LB
Slice,86,Prince Phantom 100G LB
Overall,86,Prince ATS Textreme Tour 100 290
Groundstrokes,87,Prince ATS Textreme Tour 100 290
Volleys,84,Prince ATS Textreme Tour 100 290
Serves,82,Prince ATS Textreme Tour 100 290
Returns,82,Prince ATS Textreme Tour 100 290
Power,83,Prince ATS Textreme Tour 100 290
Control,83,Prince ATS Textreme Tour 100 290
Maneuverability,88,Prince ATS Textreme Tour 100 290
Stability,79,Prince ATS Textreme Tour 100 290
Comfort,86,Prince ATS Textreme Tour 100 290
Touch/Feel,86,Prince ATS Textreme Tour 100 290
Topspin,88,Prince ATS Textreme Tour 100 290
Slice,80,Prince ATS Textreme Tour 100 290
Overall,86,Head Graphene 360+ Speed Pro
Groundstrokes,85,Head Graphene 360+ Speed Pro
Volleys,85,Head Graphene 360+ Speed Pro
Serves,83,Head Graphene 360+ Speed Pro
Returns,83,Head Graphene 360+ Speed Pro
Power,80,Head Graphene 360+ Speed Pro
Control,87,Head Graphene 360+ Speed Pro
Maneuverability,82,Head Graphene 360+ Speed Pro
Stability,84,Head Graphene 360+ Speed Pro
Comfort,83,Head Graphene 360+ Speed Pro
Touch/Feel,83,Head Graphene 360+ Speed Pro
Topspin,80,Head Graphene 360+ Speed Pro
Slice,84,Head Graphene 360+ Speed Pro
Overall,86,Prince Twistpower X100
Groundstrokes,85,Prince Twistpower X100
Volleys,82,Prince Twistpower X100
Serves,85,Prince Twistpower X100
Returns,84,Prince Twistpower X100
Power,88,Prince Twistpower X100
Control,81,Prince Twistpower X100
Maneuverability,91,Prince Twistpower X100
Stability,81,Prince Twistpower X100
Comfort,83,Prince Twistpower X100
Touch/Feel,85,Prince Twistpower X100
Topspin,87,Prince Twistpower X100
Slice,81,Prince Twistpower X100
Overall,85,Solinco Whiteout 305
Groundstrokes,86,Solinco Whiteout 305
Volleys,85,Solinco Whiteout 305
Serves,85,Solinco Whiteout 305
Returns,83,Solinco Whiteout 305
Power,83,Solinco Whiteout 305
Control,84,Solinco Whiteout 305
Maneuverability,82,Solinco Whiteout 305
Stability,84,Solinco Whiteout 305
Comfort,82,Solinco Whiteout 305
Touch/Feel,80,Solinco Whiteout 305
Topspin,88,Solinco Whiteout 305
Slice,82,Solinco Whiteout 305
Overall,80,ProKennex Ki Black Ace Pro
Groundstrokes,81,ProKennex Ki Black Ace Pro
Volleys,82,ProKennex Ki Black Ace Pro
Serves,83,ProKennex Ki Black Ace Pro
Returns,78,ProKennex Ki Black Ace Pro
Power,75,ProKennex Ki Black Ace Pro
Control,82,ProKennex Ki Black Ace Pro
Maneuverability,79,ProKennex Ki Black Ace Pro
Stability,78,ProKennex Ki Black Ace Pro
Comfort,89,ProKennex Ki Black Ace Pro
Touch/Feel,85,ProKennex Ki Black Ace Pro
Topspin,81,ProKennex Ki Black Ace Pro
Slice,83,ProKennex Ki Black Ace Pro
Overall,88,Prince Phantom 100X 305
Groundstrokes,87,Prince Phantom 100X 305
Volleys,86,Prince Phantom 100X 305
Serves,85,Prince Phantom 100X 305
Returns,87,Prince Phantom 100X 305
Power,82,Prince Phantom 100X 305
Control,84,Prince Phantom 100X 305
Maneuverability,86,Prince Phantom 100X 305
Stability,85,Prince Phantom 100X 305
Comfort,89,Prince Phantom 100X 305
Touch/Feel,88,Prince Phantom 100X 305
Topspin,88,Prince Phantom 100X 305
Slice,89,Prince Phantom 100X 305
Overall,86,Babolat Pure Strike 16x19 3rd Gen
Groundstrokes,88,Babolat Pure Strike 16x19 3rd Gen
Volleys,85,Babolat Pure Strike 16x19 3rd Gen
Serves,86,Babolat Pure Strike 16x19 3rd Gen
Returns,87,Babolat Pure Strike 16x19 3rd Gen
Power,87,Babolat Pure Strike 16x19 3rd Gen
Control,84,Babolat Pure Strike 16x19 3rd Gen
Maneuverability,88,Babolat Pure Strike 16x19 3rd Gen
Stability,84,Babolat Pure Strike 16x19 3rd Gen
Comfort,84,Babolat Pure Strike 16x19 3rd Gen
Touch/Feel,86,Babolat Pure Strike 16x19 3rd Gen
Topspin,86,Babolat Pure Strike 16x19 3rd Gen
Slice,87,Babolat Pure Strike 16x19 3rd Gen
Overall,84,Babolat Pure Aero 2023
Groundstrokes,84,Babolat Pure Aero 2023
Volleys,83,Babolat Pure Aero 2023
Serves,84,Babolat Pure Aero 2023
Returns,86,Babolat Pure Aero 2023
Power,83,Babolat Pure Aero 2023
Control,80,Babolat Pure Aero 2023
Maneuverability,85,Babolat Pure Aero 2023
Stability,81,Babolat Pure Aero 2023
Comfort,82,Babolat Pure Aero 2023
Touch/Feel,81,Babolat Pure Aero 2023
Topspin,89,Babolat Pure Aero 2023
Slice,82,Babolat Pure Aero 2023
Overall,86,Yonex VCORE 100 2023
Groundstrokes,86,Yonex VCORE 100 2023
Volleys,85,Yonex VCORE 100 2023
Serves,85,Yonex VCORE 100 2023
Returns,85,Yonex VCORE 100 2023
Power,89,Yonex VCORE 100 2023
Control,81,Yonex VCORE 100 2023
Maneuverability,85,Yonex VCORE 100 2023
Stability,83,Yonex VCORE 100 2023
Comfort,85,Yonex VCORE 100 2023
Touch/Feel,85,Yonex VCORE 100 2023
Topspin,88,Yonex VCORE 100 2023
Slice,84,Yonex VCORE 100 2023
Overall,82,Tecnifibre TF-X1 300
Groundstrokes,82,Tecnifibre TF-X1 300
Volleys,80,Tecnifibre TF-X1 300
Serves,84,Tecnifibre TF-X1 300
Returns,81,Tecnifibre TF-X1 300
Power,88,Tecnifibre TF-X1 300
Control,79,Tecnifibre TF-X1 300
Maneuverability,86,Tecnifibre TF-X1 300
Stability,77,Tecnifibre TF-X1 300
Comfort,81,Tecnifibre TF-X1 300
Touch/Feel,80,Tecnifibre TF-X1 300
Topspin,86,Tecnifibre TF-X1 300
Slice,83,Tecnifibre TF-X1 300
Overall,83,Tecnifibre TFight ISO 315
Groundstrokes,84,Tecnifibre TFight ISO 315
Volleys,83,Tecnifibre TFight ISO 315
Serves,84,Tecnifibre TFight ISO 315
Returns,78,Tecnifibre TFight ISO 315
Power,83,Tecnifibre TFight ISO 315
Control,83,Tecnifibre TFight ISO 315
Maneuverability,82,Tecnifibre TFight ISO 315
Stability,83,Tecnifibre TFight ISO 315
Comfort,82,Tecnifibre TFight ISO 315
Touch/Feel,83,Tecnifibre TFight ISO 315
Topspin,84,Tecnifibre TFight ISO 315
Slice,82,Tecnifibre TFight ISO 315
Overall,84,Babolat Pure Drive Tour
Groundstrokes,87,Babolat Pure Drive Tour
Volleys,86,Babolat Pure Drive Tour
Serves,83,Babolat Pure Drive Tour
Returns,84,Babolat Pure Drive Tour
Power,88,Babolat Pure Drive Tour
Control,80,Babolat Pure Drive Tour
Maneuverability,79,Babolat Pure Drive Tour
Stability,85,Babolat Pure Drive Tour
Comfort,78,Babolat Pure Drive Tour
Touch/Feel,78,Babolat Pure Drive Tour
Topspin,86,Babolat Pure Drive Tour
Slice,82,Babolat Pure Drive Tour
Overall,82,Prince Phantom 100G
Groundstrokes,82,Prince Phantom 100G
Volleys,86,Prince Phantom 100G
Serves,82,Prince Phantom 100G
Returns,82,Prince Phantom 100G
Power,75,Prince Phantom 100G
Control,85,Prince Phantom 100G
Maneuverability,86,Prince Phantom 100G
Stability,85,Prince Phantom 100G
Comfort,89,Prince Phantom 100G
Touch/Feel,88,Prince Phantom 100G
Topspin,88,Prince Phantom 100G
Slice,86,Prince Phantom 100G
Overall,83,Tecnifibre TFight ISO 300
Groundstrokes,82,Tecnifibre TFight ISO 300
Volleys,82,Tecnifibre TFight ISO 300
Serves,77,Tecnifibre TFight ISO 300
Returns,88,Tecnifibre TFight ISO 300
Power,78,Tecnifibre TFight ISO 300
Control,84,Tecnifibre TFight ISO 300
Maneuverability,81,Tecnifibre TFight ISO 300
Stability,82,Tecnifibre TFight ISO 300
Comfort,81,Tecnifibre TFight ISO 300
Touch/Feel,78,Tecnifibre TFight ISO 300
Topspin,82,Tecnifibre TFight ISO 300
Slice,84,Tecnifibre TFight ISO 300
Overall,82,Solinco Blackout 300
Groundstrokes,82,Solinco Blackout 300
Volleys,82,Solinco Blackout 300
Serves,84,Solinco Blackout 300
Returns,83,Solinco Blackout 300
Power,90,Solinco Blackout 300
Control,77,Solinco Blackout 300
Maneuverability,85,Solinco Blackout 300
Stability,82,Solinco Blackout 300
Comfort,79,Solinco Blackout 300
Touch/Feel,79,Solinco Blackout 300
Topspin,90,Solinco Blackout 300
Slice,81,Solinco Blackout 300
Overall,81,Dunlop CX 200
Groundstrokes,82,Dunlop CX 200
Volleys,82,Dunlop CX 200
Serves,79,Dunlop CX 200
Returns,83,Dunlop CX 200
Power,79,Dunlop CX 200
Control,83,Dunlop CX 200
Maneuverability,86,Dunlop CX 200
Stability,82,Dunlop CX 200
Comfort,84,Dunlop CX 200
Touch/Feel,83,Dunlop CX 200
Topspin,84,Dunlop CX 200
Slice,82,Dunlop CX 200
Overall,88,Head Speed MP 2022
Groundstrokes,90,Head Speed MP 2022
Volleys,85,Head Speed MP 2022
Serves,85,Head Speed MP 2022
Returns,87,Head Speed MP 2022
Power,86,Head Speed MP 2022
Control,83,Head Speed MP 2022
Maneuverability,86,Head Speed MP 2022
Stability,84,Head Speed MP 2022
Comfort,84,Head Speed MP 2022
Touch/Feel,85,Head Speed MP 2022
Topspin,88,Head Speed MP 2022
Slice,86,Head Speed MP 2022
Overall,82,Dunlop FX 500 Tour
Groundstrokes,82,Dunlop FX 500 Tour
Volleys,80,Dunlop FX 500 Tour
Serves,80,Dunlop FX 500 Tour
Returns,83,Dunlop FX 500 Tour
Power,81,Dunlop FX 500 Tour
Control,81,Dunlop FX 500 Tour
Maneuverability,88,Dunlop FX 500 Tour
Stability,83,Dunlop FX 500 Tour
Comfort,84,Dunlop FX 500 Tour
Touch/Feel,81,Dunlop FX 500 Tour
Topspin,81,Dunlop FX 500 Tour
Slice,79,Dunlop FX 500 Tour
Overall,84,Wilson Clash 100 v2
Groundstrokes,87,Wilson Clash 100 v2
Volleys,82,Wilson Clash 100 v2
Serves,84,Wilson Clash 100 v2
Returns,83,Wilson Clash 100 v2
Power,85,Wilson Clash 100 v2
Control,82,Wilson Clash 100 v2
Maneuverability,89,Wilson Clash 100 v2
Stability,78,Wilson Clash 100 v2
Comfort,87,Wilson Clash 100 v2
Touch/Feel,84,Wilson Clash 100 v2
Topspin,87,Wilson Clash 100 v2
Slice,80,Wilson Clash 100 v2
Overall,85,Wilson Pro Staff 97 v13
Groundstrokes,83,Wilson Pro Staff 97 v13
Volleys,84,Wilson Pro Staff 97 v13
Serves,82,Wilson Pro Staff 97 v13
Returns,83,Wilson Pro Staff 97 v13
Power,79,Wilson Pro Staff 97 v13
Control,87,Wilson Pro Staff 97 v13
Maneuverability,85,Wilson Pro Staff 97 v13
Stability,83,Wilson Pro Staff 97 v13
Comfort,86,Wilson Pro Staff 97 v13
Touch/Feel,86,Wilson Pro Staff 97 v13
Topspin,84,Wilson Pro Staff 97 v13
Slice,85,Wilson Pro Staff 97 v13
Overall,86,Head Radical MP 2021
Groundstrokes,85,Head Radical MP 2021
Volleys,85,Head Radical MP 2021
Serves,82,Head Radical MP 2021
Returns,87,Head Radical MP 2021
Power,83,Head Radical MP 2021
Control,85,Head Radical MP 2021
Maneuverability,83,Head Radical MP 2021
Stability,85,Head Radical MP 2021
Comfort,84,Head Radical MP 2021
Touch/Feel,85,Head Radical MP 2021
Topspin,89,Head Radical MP 2021
Slice,87,Head Radical MP 2021
Overall,81,Volkl V-Cell 10 300g
Groundstrokes,76,Volkl V-Cell 10 300g
Volleys,84,Volkl V-Cell 10 300g
Serves,79,Volkl V-Cell 10 300g
Returns,78,Volkl V-Cell 10 300g
Power,79,Volkl V-Cell 10 300g
Control,78,Volkl V-Cell 10 300g
Maneuverability,86,Volkl V-Cell 10 300g
Stability,80,Volkl V-Cell 10 300g
Comfort,85,Volkl V-Cell 10 300g
Touch/Feel,79,Volkl V-Cell 10 300g
Topspin,89,Volkl V-Cell 10 300g
Slice,86,Volkl V-Cell 10 300g
Overall,80,Wilson Clash 100S
Groundstrokes,79,Wilson Clash 100S
Volleys,80,Wilson Clash 100S
Serves,84,Wilson Clash 100S
Returns,77,Wilson Clash 100S
Power,86,Wilson Clash 100S
Control,71,Wilson Clash 100S
Maneuverability,89,Wilson Clash 100S
Stability,78,Wilson Clash 100S
Comfort,86,Wilson Clash 100S
Touch/Feel,81,Wilson Clash 100S
Topspin,91,Wilson Clash 100S
Slice,78,Wilson Clash 100S
Overall,82,Yonex VCORE PRO 97 310
Groundstrokes,82,Yonex VCORE PRO 97 310
Volleys,82,Yonex VCORE PRO 97 310
Serves,81,Yonex VCORE PRO 97 310
Returns,80,Yonex VCORE PRO 97 310
Power,77,Yonex VCORE PRO 97 310
Control,84,Yonex VCORE PRO 97 310
Maneuverability,86,Yonex VCORE PRO 97 310
Stability,82,Yonex VCORE PRO 97 310
Comfort,83,Yonex VCORE PRO 97 310
Touch/Feel,81,Yonex VCORE PRO 97 310
Topspin,83,Yonex VCORE PRO 97 310
Slice,83,Yonex VCORE PRO 97 310
Overall,84,Solinco Whiteout 305 XTD
Groundstrokes,86,Solinco Whiteout 305 XTD
Volleys,84,Solinco Whiteout 305 XTD
Serves,90,Solinco Whiteout 305 XTD
Returns,81,Solinco Whiteout 305 XTD
Power,88,Solinco Whiteout 305 XTD
Control,80,Solinco Whiteout 305 XTD
Maneuverability,76,Solinco Whiteout 305 XTD
Stability,87,Solinco Whiteout 305 XTD
Comfort,77,Solinco Whiteout 305 XTD
Touch/Feel,78,Solinco Whiteout 305 XTD
Topspin,84,Solinco Whiteout 305 XTD
Slice,85,Solinco Whiteout 305 XTD
Overall,85,Yonex VCORE 98
Groundstrokes,84,Yonex VCORE 98
Volleys,84,Yonex VCORE 98
Serves,83,Yonex VCORE 98
Returns,82,Yonex VCORE 98
Power,81,Yonex VCORE 98
Control,80,Yonex VCORE 98
Maneuverability,83,Yonex VCORE 98
Stability,83,Yonex VCORE 98
Comfort,82,Yonex VCORE 98
Touch/Feel,81,Yonex VCORE 98
Topspin,89,Yonex VCORE 98
Slice,85,Yonex VCORE 98
Overall,81,Dunlop SX 300
Groundstrokes,83,Dunlop SX 300
Volleys,82,Dunlop SX 300
Serves,86,Dunlop SX 300
Returns,81,Dunlop SX 300
Power,87,Dunlop SX 300
Control,79,Dunlop SX 300
Maneuverability,87,Dunlop SX 300
Stability,79,Dunlop SX 300
Comfort,79,Dunlop SX 300
Touch/Feel,79,Dunlop SX 300
Topspin,91,Dunlop SX 300
Slice,81,Dunlop SX 300
Overall,83,Yonex VCORE 95
Groundstrokes,81,Yonex VCORE 95
Volleys,82,Yonex VCORE 95
Serves,81,Yonex VCORE 95
Returns,81,Yonex VCORE 95
Power,76,Yonex VCORE 95
Control,86,Yonex VCORE 95
Maneuverability,81,Yonex VCORE 95
Stability,83,Yonex VCORE 95
Comfort,83,Yonex VCORE 95
Touch/Feel,81,Yonex VCORE 95
Topspin,82,Yonex VCORE 95
Slice,83,Yonex VCORE 95
Overall,84,Yonex VCORE 98 2023
Groundstrokes,85,Yonex VCORE 98 2023
Volleys,82,Yonex VCORE 98 2023
Serves,83,Yonex VCORE 98 2023
Returns,84,Yonex VCORE 98 2023
Power,84,Yonex VCORE 98 2023
Control,81,Yonex VCORE 98 2023
Maneuverability,79,Yonex VCORE 98 2023
Stability,85,Yonex VCORE 98 2023
Comfort,86,Yonex VCORE 98 2023
Touch/Feel,81,Yonex VCORE 98 2023
Topspin,89,Yonex VCORE 98 2023
Slice,86,Yonex VCORE 98 2023
Overall,85,Tecnfibre TF40 305 18x20
Groundstrokes,85,Tecnfibre TF40 305 18x20
Volleys,85,Tecnfibre TF40 305 18x20
Serves,85,Tecnfibre TF40 305 18x20
Returns,86,Tecnfibre TF40 305 18x20
Power,80,Tecnfibre TF40 305 18x20
Control,86,Tecnfibre TF40 305 18x20
Maneuverability,81,Tecnfibre TF40 305 18x20
Stability,85,Tecnfibre TF40 305 18x20
Comfort,84,Tecnfibre TF40 305 18x20
Touch/Feel,85,Tecnfibre TF40 305 18x20
Topspin,82,Tecnfibre TF40 305 18x20
Slice,88,Tecnfibre TF40 305 18x20
Overall,83,Volkl C10 EVO
Groundstrokes,80,Volkl C10 EVO
Volleys,85,Volkl C10 EVO
Serves,81,Volkl C10 EVO
Returns,75,Volkl C10 EVO
Power,76,Volkl C10 EVO
Control,86,Volkl C10 EVO
Maneuverability,84,Volkl C10 EVO
Stability,80,Volkl C10 EVO
Comfort,91,Volkl C10 EVO
Touch/Feel,89,Volkl C10 EVO
Topspin,84,Volkl C10 EVO
Slice,83,Volkl C10 EVO
Overall,80,Volkl V-Cell 10 320g
Groundstrokes,80,Volkl V-Cell 10 320g
Volleys,83,Volkl V-Cell 10 320g
Serves,82,Volkl V-Cell 10 320g
Returns,79,Volkl V-Cell 10 320g
Power,76,Volkl V-Cell 10 320g
Control,80,Volkl V-Cell 10 320g
Maneuverability,80,Volkl V-Cell 10 320g
Stability,82,Volkl V-Cell 10 320g
Comfort,76,Volkl V-Cell 10 320g
Touch/Feel,77,Volkl V-Cell 10 320g
Topspin,83,Volkl V-Cell 10 320g
Slice,83,Volkl V-Cell 10 320g
Overall,83,Yonex VCORE 95 2023
Groundstrokes,85,Yonex VCORE 95 2023
Volleys,83,Yonex VCORE 95 2023
Serves,83,Yonex VCORE 95 2023
Returns,79,Yonex VCORE 95 2023
Power,76,Yonex VCORE 95 2023
Control,84,Yonex VCORE 95 2023
Maneuverability,80,Yonex VCORE 95 2023
Stability,80,Yonex VCORE 95 2023
Comfort,90,Yonex VCORE 95 2023
Touch/Feel,85,Yonex VCORE 95 2023
Topspin,84,Yonex VCORE 95 2023
Slice,80,Yonex VCORE 95 2023
